school,sex,age,address,famsize,Pstatus,Medu,Fedu,traveltime,studytime,failures,schoolsup,famsup,paid,activities,nursery,higher,internet,romantic,famrel,freetime,goout,health,absences,G3,Mjob_health,Mjob_other,Mjob_services,Mjob_teacher,Fjob_health,Fjob_other,Fjob_services,Fjob_teacher,reason_home,reason_other,reason_reputation,guardian_mother,guardian_other,Prev_Academic_Avg,Study_Efficiency,Total_Alc,Total_Support,Academic_Trend,Pressure_Score
0,0,1.0771313783985432,1,0,0,4,4,2,0.05453625709921346,-0.35018748795170074,1,0,0,0,1,1,0,0,4,3,4,3,0.22208722094515607,11,False,False,False,False,False,False,False,True,False,False,False,True,False,-2.388340831981675,-0.03071764783488606,-0.7570771246767328,1,11,4
0,0,0.24689913207624084,1,0,1,1,1,1,0.05453625709921346,-0.35018748795170074,0,1,0,0,0,1,1,0,5,3,3,3,-0.3383968170690111,11,False,False,False,False,False,True,False,False,False,False,False,False,False,-0.6468818297901122,-0.03071764783488606,-0.7570771246767328,1,2,2
0,0,-1.413565360568364,1,1,1,1,1,1,0.05453625709921346,-0.35018748795170074,1,0,0,0,1,1,1,0,4,3,2,3,0.7825712589593232,12,False,False,False,False,False,True,False,False,False,True,False,True,False,0.3205953936496449,-0.03071764783488606,0.6517001735392955,1,1,6
0,0,-1.413565360568364,1,0,1,4,2,1,1.2465430194105918,-0.35018748795170074,0,1,0,1,1,1,1,1,3,2,2,5,-0.8988808550831783,14,True,False,False,False,False,False,True,False,True,False,False,True,False,0.9010817277134991,1.771122653278549,-0.7570771246767328,1,0,0
0,0,-0.5833331142460615,1,0,1,3,3,1,0.05453625709921346,-0.35018748795170074,0,1,0,0,1,1,0,0,4,3,2,5,-0.8988808550831783,13,False,True,False,False,False,True,False,False,True,False,False,False,False,0.12709994896169347,-0.03071764783488606,-0.4440155028509486,1,2,0
0,1,-0.5833331142460615,1,1,1,4,3,1,0.05453625709921346,-0.35018748795170074,0,1,0,1,1,1,1,0,5,4,2,5,0.7825712589593232,13,False,False,True,False,False,True,False,False,False,False,True,True,False,0.12709994896169347,-0.391085708057573,-0.4440155028509486,1,0,6
0,1,-0.5833331142460615,1,1,1,2,2,1,0.05453625709921346,-0.35018748795170074,0,0,0,0,1,1,1,0,4,4,4,3,-0.8988808550831783,13,False,True,False,False,False,True,False,False,True,False,False,True,False,0.3205953936496449,-0.391085708057573,-0.7570771246767328,0,-1,0
0,0,0.24689913207624084,1,0,0,4,4,2,0.05453625709921346,-0.35018748795170074,1,1,0,0,1,1,0,0,4,1,4,1,-0.3383968170690111,13,False,True,False,False,False,False,False,True,True,False,False,True,False,-0.06639549572625794,1.771122653278549,-0.7570771246767328,2,3,2
0,1,-1.413565360568364,1,1,0,3,2,1,0.05453625709921346,-0.35018748795170074,0,1,0,0,1,1,1,0,4,2,2,1,-0.8988808550831783,17,False,False,True,False,False,True,False,False,True,False,False,True,False,1.4815680617773535,0.5698957858695921,-0.7570771246767328,1,1,0
0,1,-1.413565360568364,1,0,1,3,4,1,0.05453625709921346,-0.35018748795170074,0,1,0,1,1,1,1,0,5,5,1,5,-0.8988808550831783,13,False,True,False,False,False,True,False,False,True,False,False,True,False,0.12709994896169347,-0.6313310815393645,-0.7570771246767328,1,0,0
0,0,-1.413565360568364,1,0,1,4,4,1,0.05453625709921346,-0.35018748795170074,0,1,0,0,1,1,1,0,3,3,3,2,-0.3383968170690111,14,False,False,False,True,True,False,False,False,False,False,True,True,False,0.9010817277134991,-0.03071764783488606,-0.4440155028509486,1,0,2
0,0,-1.413565360568364,1,0,1,2,1,3,1.2465430194105918,-0.35018748795170074,0,1,0,1,1,1,1,0,5,2,2,4,-0.8988808550831783,13,False,False,True,False,False,True,False,False,False,False,True,False,False,-0.25989094041420935,1.771122653278549,-0.7570771246767328,1,2,0
0,1,-1.413565360568364,1,1,1,4,4,1,-1.137470505212165,-0.35018748795170074,0,1,0,1,1,1,1,0,4,3,3,5,-0.8988808550831783,12,True,False,False,False,False,False,True,False,False,False,False,False,False,0.3205953936496449,-0.9316377983916035,-0.13095388102516461,1,1,0
0,1,-1.413565360568364,1,0,1,4,3,2,0.05453625709921346,-0.35018748795170074,0,1,0,0,1,1,1,0,5,4,3,3,-0.8988808550831783,13,False,False,False,True,False,True,False,False,False,False,False,True,False,0.12709994896169347,-0.391085708057573,-0.4440155028509486,1,0,0
0,1,-1.413565360568364,1,0,0,2,2,1,1.2465430194105918,-0.35018748795170074,0,1,0,0,1,1,1,1,4,5,2,3,-0.8988808550831783,15,False,True,False,False,False,True,False,False,True,False,False,False,True,0.9010817277134991,-0.03071764783488606,-0.7570771246767328,1,0,0
0,0,-0.5833331142460615,1,0,1,4,4,1,-1.137470505212165,-0.35018748795170074,0,1,0,0,1,1,1,0,4,4,4,2,0.7825712589593232,17,True,False,False,False,False,True,False,False,True,False,False,True,False,2.0620543958412076,-1.111821828502947,-0.4440155028509486,1,0,6
0,0,-0.5833331142460615,1,0,1,4,4,1,1.2465430194105918,-0.35018748795170074,0,1,0,1,1,1,1,0,3,2,3,2,1.9035393349876577,14,False,False,True,False,False,False,True,False,False,False,True,True,False,0.5140908383375963,1.771122653278549,-0.4440155028509486,1,0,10
0,0,-0.5833331142460615,1,0,1,3,3,3,0.05453625709921346,-0.35018748795170074,1,1,0,1,1,1,0,0,5,3,2,4,-0.3383968170690111,14,False,True,False,False,False,True,False,False,False,False,True,True,False,0.7075862830255477,-0.03071764783488606,-0.7570771246767328,2,1,2
0,1,0.24689913207624084,1,0,1,3,2,1,-1.137470505212165,4.834846607849287,0,1,1,1,1,1,1,0,5,5,5,5,-0.3383968170690111,7,False,False,True,False,False,False,True,False,False,False,False,True,False,-1.420863608541918,-1.2319445152438429,0.96476179536508,1,0,8
0,1,-0.5833331142460615,1,1,1,4,3,1,-1.137470505212165,-0.35018748795170074,0,0,0,1,1,1,1,0,3,1,3,5,0.7825712589593232,12,True,False,False,False,False,True,False,False,True,False,False,False,False,0.12709994896169347,-0.03071764783488606,-0.13095388102516461,0,0,6
0,1,-1.413565360568364,1,0,1,4,3,1,0.05453625709921346,-0.35018748795170074,0,0,0,0,1,1,1,0,4,4,1,1,-0.8988808550831783,14,False,False,False,True,False,True,False,False,False,False,True,True,False,0.3205953936496449,-0.391085708057573,-0.7570771246767328,0,1,0
0,1,-1.413565360568364,1,0,1,4,4,1,-1.137470505212165,-0.35018748795170074,0,1,1,0,1,1,1,0,5,4,2,5,-0.8988808550831783,12,True,False,False,False,True,False,False,False,False,True,False,False,False,-0.06639549572625794,-1.111821828502947,-0.7570771246767328,1,1,0
0,1,-0.5833331142460615,1,1,1,4,2,1,0.05453625709921346,-0.35018748795170074,0,0,0,1,1,1,1,0,4,5,1,5,-0.8988808550831783,14,False,False,False,True,False,True,False,False,False,False,False,True,False,0.3205953936496449,-0.6313310815393645,-0.13095388102516461,0,1,0
0,1,-0.5833331142460615,1,1,1,2,2,2,0.05453625709921346,-0.35018748795170074,0,1,0,1,1,1,1,0,5,4,4,5,-0.3383968170690111,10,False,True,False,False,False,True,False,False,False,False,True,True,False,-0.6468818297901122,-0.391085708057573,0.96476179536508,1,0,2
0,0,-1.413565360568364,0,0,1,2,4,1,1.2465430194105918,-0.35018748795170074,1,1,0,1,1,1,1,0,4,3,2,5,-0.3383968170690111,10,False,False,True,False,True,False,False,False,False,False,False,True,False,-0.4533863851021608,0.8702025027218314,-0.7570771246767328,2,1,2
0,0,-0.5833331142460615,1,0,1,2,2,1,-1.137470505212165,-0.35018748795170074,0,1,0,0,0,1,1,0,1,2,2,5,0.7825712589593232,12,False,False,True,False,False,False,True,False,True,False,False,True,False,-0.4533863851021608,-0.6313310815393645,-0.13095388102516461,1,1,6
0,1,-1.413565360568364,1,0,1,2,2,1,-1.137470505212165,-0.35018748795170074,0,1,0,0,1,1,1,0,4,2,2,5,1.3430552969734904,12,False,True,False,False,False,True,False,False,True,False,False,True,False,-0.06639549572625794,-0.6313310815393645,-0.4440155028509486,1,1,8
0,1,-1.413565360568364,1,0,1,4,2,1,-1.137470505212165,-0.35018748795170074,0,0,0,0,1,1,1,0,2,2,4,1,-0.8988808550831783,11,True,False,False,False,False,False,True,False,False,True,False,True,False,-0.25989094041420935,-0.6313310815393645,0.96476179536508,0,0,0
0,1,-0.5833331142460615,1,1,0,3,4,1,0.05453625709921346,-0.35018748795170074,1,1,1,1,1,1,1,0,5,3,3,5,-0.3383968170690111,13,False,False,True,False,False,True,False,False,True,False,False,True,False,0.12709994896169347,-0.03071764783488606,-0.7570771246767328,2,0,2
0,1,-0.5833331142460615,1,0,1,4,4,1,0.05453625709921346,-0.35018748795170074,0,1,1,1,1,1,1,1,4,4,5,5,0.22208722094515607,12,False,False,False,True,False,False,False,True,True,False,False,True,False,-0.06639549572625794,-0.391085708057573,3.6257855808842447,1,-1,4
0,1,-1.413565360568364,1,0,1,4,4,1,0.05453625709921346,-0.35018748795170074,0,1,1,0,0,1,1,0,5,4,2,5,-0.8988808550831783,11,True,False,False,False,False,False,True,False,True,False,False,True,False,-0.4533863851021608,-0.391085708057573,1.74741584992954,1,1,0
0,1,-1.413565360568364,1,0,1,4,4,2,0.05453625709921346,-0.35018748795170074,0,1,0,1,1,1,1,0,4,3,1,5,-0.3383968170690111,15,False,False,True,False,False,False,True,False,False,False,True,True,False,1.288072617089402,-0.03071764783488606,-0.7570771246767328,1,0,2
0,1,-1.413565360568364,0,0,1,4,3,1,0.05453625709921346,-0.35018748795170074,0,1,0,1,1,1,1,1,4,5,2,5,-0.8988808550831783,15,False,False,False,True,False,False,False,False,False,False,False,True,False,0.7075862830255477,-0.6313310815393645,-0.7570771246767328,1,1,0
0,1,-1.413565360568364,1,1,1,3,3,1,0.05453625709921346,-0.35018748795170074,0,0,0,1,0,1,1,0,5,3,2,2,-0.8988808550831783,12,False,True,False,False,False,True,False,False,False,False,False,True,False,0.3205953936496449,-0.03071764783488606,-0.7570771246767328,0,-1,0
0,1,-0.5833331142460615,1,0,1,3,2,1,-1.137470505212165,-0.35018748795170074,0,1,0,0,0,1,1,0,5,4,3,5,0.22208722094515607,12,False,True,False,False,False,True,False,False,True,False,False,True,False,0.12709994896169347,-1.111821828502947,-0.7570771246767328,1,0,4
0,0,-1.413565360568364,1,0,1,2,3,2,-1.137470505212165,-0.35018748795170074,0,1,0,1,1,1,0,0,3,5,1,5,0.22208722094515607,11,False,True,False,False,False,True,False,False,False,True,False,False,False,-0.25989094041420935,-1.2319445152438429,-0.7570771246767328,1,0,4
0,1,-1.413565360568364,1,1,1,4,3,1,1.2465430194105918,-0.35018748795170074,0,1,0,1,1,1,1,0,5,4,3,4,-0.8988808550831783,14,False,False,False,True,False,False,True,False,True,False,False,True,False,0.9010817277134991,0.32965041238780085,-0.7570771246767328,1,0,0
0,1,-0.5833331142460615,0,0,0,4,4,2,1.2465430194105918,-0.35018748795170074,0,1,0,1,1,1,1,1,2,4,3,5,0.22208722094515607,13,False,True,False,False,False,False,False,True,False,False,True,True,False,0.5140908383375963,0.32965041238780085,-0.7570771246767328,1,0,4
0,0,-1.413565360568364,0,0,1,3,4,1,1.2465430194105918,-0.35018748795170074,1,1,0,1,1,1,1,0,4,3,2,5,-0.3383968170690111,12,False,False,True,False,True,False,False,False,False,False,False,True,False,-0.06639549572625794,0.8702025027218314,-0.7570771246767328,2,1,2
0,0,-1.413565360568364,0,0,1,2,2,1,-1.137470505212165,-0.35018748795170074,1,1,0,1,1,1,0,0,4,3,1,2,1.3430552969734904,12,False,False,False,False,False,True,False,False,False,False,True,True,False,0.7075862830255477,-0.9316377983916035,-0.7570771246767328,2,-1,8
0,1,-1.413565360568364,1,1,1,4,4,1,-1.137470505212165,-0.35018748795170074,0,1,0,0,0,1,1,1,5,4,3,5,1.3430552969734904,11,False,False,False,True,False,True,False,False,True,False,False,False,True,-0.4533863851021608,-1.111821828502947,0.96476179536508,1,1,8
0,1,-1.413565360568364,1,0,1,4,4,1,0.05453625709921346,-0.35018748795170074,0,1,0,1,1,1,1,0,4,3,3,5,-0.8988808550831783,15,False,False,True,False,False,False,False,True,False,False,False,False,False,1.0945771724014506,-0.03071764783488606,-0.7570771246767328,1,1,0
0,1,-1.413565360568364,1,0,1,2,2,1,-1.137470505212165,-0.35018748795170074,1,1,0,0,1,1,1,0,5,4,1,1,-0.8988808550831783,10,False,False,True,False,False,False,True,False,False,False,False,False,False,-0.8403772744780637,-1.111821828502947,-0.7570771246767328,2,1,0
0,0,-0.5833331142460615,1,1,1,2,2,2,0.05453625709921346,1.3781572106486288,1,0,0,1,1,1,1,0,4,3,3,5,3.024507411015992,11,False,True,False,False,False,False,False,False,False,False,False,False,False,-0.4533863851021608,-0.03071764783488606,0.3386385517135116,1,1,28
0,0,-1.413565360568364,1,1,0,4,3,1,0.05453625709921346,-0.35018748795170074,1,1,1,1,1,1,1,1,5,2,2,5,0.22208722094515607,11,False,True,False,False,False,True,False,False,False,False,False,True,False,-0.4533863851021608,0.5698957858695921,-0.7570771246767328,2,1,4
0,0,-0.5833331142460615,1,1,0,3,3,1,0.05453625709921346,-0.35018748795170074,0,1,0,0,1,1,1,0,2,3,5,3,0.7825712589593232,13,False,True,False,False,False,False,True,False,True,False,False,True,False,0.3205953936496449,-0.03071764783488606,0.18210774080061962,1,-1,6
0,1,-0.5833331142460615,1,0,1,4,3,1,2.43854978172197,-0.35018748795170074,0,0,0,1,1,1,1,0,4,2,2,2,-0.3383968170690111,17,True,False,False,False,False,False,True,False,False,False,True,True,False,2.0620543958412076,2.9723495206875055,-0.7570771246767328,0,0,2
0,1,-1.413565360568364,1,0,1,4,2,1,0.05453625709921346,-0.35018748795170074,0,1,0,0,1,1,0,0,4,3,3,5,0.22208722094515607,13,False,False,False,True,False,True,False,False,True,False,False,True,False,-0.06639549572625794,-0.03071764783488606,0.3386385517135116,1,1,4
0,0,-1.413565360568364,1,0,1,4,4,1,0.05453625709921346,-0.35018748795170074,1,1,0,1,0,1,1,0,4,4,4,3,-0.3383968170690111,12,False,False,True,False,False,False,False,True,False,True,False,False,False,0.3205953936496449,-0.391085708057573,-0.7570771246767328,2,-1,2
0,0,-0.5833331142460615,1,1,1,2,2,3,0.05453625709921346,-0.35018748795170074,0,1,0,0,1,1,1,0,4,3,3,4,-0.8988808550831783,13,False,False,True,False,False,False,True,False,False,False,False,True,False,0.7075862830255477,-0.03071764783488606,0.6517001735392955,1,-1,0
0,0,-1.413565360568364,1,1,1,4,2,1,0.05453625709921346,-0.35018748795170074,0,1,0,0,1,1,1,0,4,3,3,5,-0.8988808550831783,16,True,False,False,False,False,True,False,False,False,True,False,True,False,1.288072617089402,-0.03071764783488606,-0.7570771246767328,1,-2,0
0,1,-1.413565360568364,1,1,0,4,2,2,-1.137470505212165,-0.35018748795170074,0,0,0,0,1,1,0,0,5,5,5,5,0.22208722094515607,9,True,False,False,False,True,False,False,False,False,True,False,False,False,-0.8403772744780637,-1.2319445152438429,1.74741584992954,0,-1,4
0,0,-1.413565360568364,1,0,1,4,4,1,-1.137470505212165,-0.35018748795170074,1,1,0,0,1,1,1,0,3,3,4,5,-0.8988808550831783,12,False,False,True,False,False,False,True,False,False,False,False,True,False,0.3205953936496449,-0.9316377983916035,0.6517001735392955,2,-1,0
0,0,-1.413565360568364,1,1,0,3,3,1,-1.137470505212165,-0.35018748795170074,0,0,0,0,1,1,1,0,5,3,4,1,-0.8988808550831783,13,False,True,False,False,False,True,False,False,False,True,False,True,False,0.3205953936496449,-0.9316377983916035,2.5300699044940003,0,-1,0
0,0,-0.5833331142460615,1,0,0,2,1,1,0.05453625709921346,-0.35018748795170074,0,0,0,1,1,1,1,1,5,3,4,2,-0.3383968170690111,12,False,True,False,False,False,True,False,False,False,True,False,True,False,0.3205953936496449,-0.03071764783488606,-0.7570771246767328,0,1,2
0,0,-1.413565360568364,1,0,0,4,3,1,0.05453625709921346,-0.35018748795170074,0,1,0,1,1,1,1,0,4,3,2,1,-0.8988808550831783,15,False,False,True,False,False,False,True,False,False,False,True,True,False,1.0945771724014506,-0.03071764783488606,-0.7570771246767328,1,-1,0
0,1,-1.413565360568364,1,0,1,4,4,1,0.05453625709921346,-0.35018748795170074,0,1,0,1,1,1,0,0,3,2,2,5,1.3430552969734904,16,False,False,False,True,True,False,False,False,False,False,True,True,False,1.288072617089402,0.5698957858695921,-0.7570771246767328,1,0,8
0,1,-1.413565360568364,1,1,1,1,2,1,0.05453625709921346,-0.35018748795170074,1,1,0,1,1,1,1,0,4,3,2,5,-0.8988808550831783,14,False,True,False,False,False,False,False,False,True,False,False,False,False,0.7075862830255477,-0.03071764783488606,-0.7570771246767328,2,-1,0
0,0,-0.5833331142460615,1,0,1,4,2,1,0.05453625709921346,-0.35018748795170074,0,1,1,0,1,1,1,0,4,2,3,5,-0.3383968170690111,16,False,False,True,False,False,True,False,False,False,False,False,True,False,1.4815680617773535,0.5698957858695921,-0.7570771246767328,1,-1,2
0,0,-0.5833331142460615,0,0,1,4,4,1,0.05453625709921346,-0.35018748795170074,0,1,0,1,1,1,0,0,2,4,4,4,-0.8988808550831783,16,True,False,False,False,False,False,False,True,False,True,False,True,False,1.8685589511532563,-0.391085708057573,0.6517001735392955,1,-1,0
0,0,-0.5833331142460615,1,0,1,1,1,4,-1.137470505212165,-0.35018748795170074,1,1,0,1,0,1,1,1,5,5,5,5,-0.8988808550831783,16,False,False,True,False,False,False,True,False,False,False,False,False,False,-0.6468818297901122,-1.2319445152438429,3.6257855808842447,2,0,0
0,0,-0.5833331142460615,1,1,1,1,2,1,0.05453625709921346,-0.35018748795170074,1,0,0,1,1,1,1,0,4,4,3,1,-0.8988808550831783,10,False,True,False,False,False,False,True,False,False,False,True,False,False,0.5140908383375963,-0.391085708057573,-0.7570771246767328,1,0,0
0,0,-0.5833331142460615,1,0,1,4,3,1,1.2465430194105918,-0.35018748795170074,1,1,0,1,1,1,1,0,3,4,4,4,-0.8988808550831783,13,False,False,False,True,True,False,False,False,True,False,False,True,False,0.7075862830255477,0.32965041238780085,0.96476179536508,2,-1,0
0,0,-1.413565360568364,1,1,1,4,3,1,0.05453625709921346,-0.35018748795170074,1,0,0,1,1,1,1,1,4,4,4,2,-0.8988808550831783,12,False,False,True,False,False,False,True,False,False,False,True,False,False,0.3205953936496449,-0.391085708057573,0.96476179536508,1,-1,0
0,0,-0.5833331142460615,1,1,1,4,3,3,0.05453625709921346,-0.35018748795170074,0,1,0,1,1,1,1,0,5,4,3,1,-0.3383968170690111,16,False,False,False,True,False,False,True,False,False,False,False,True,False,1.4815680617773535,-0.391085708057573,-0.4440155028509486,1,-1,2
0,1,-1.413565360568364,1,0,0,4,4,1,2.43854978172197,-0.35018748795170074,0,1,0,1,0,1,1,1,1,3,3,3,-0.8988808550831783,12,False,True,False,False,False,False,True,False,False,False,True,True,False,-0.06639549572625794,1.771122653278549,3.6257855808842447,1,1,0
0,0,-0.5833331142460615,1,0,1,3,1,1,2.43854978172197,-0.35018748795170074,1,1,0,0,1,1,1,0,4,3,3,5,-0.8988808550831783,10,False,False,True,False,False,True,False,False,False,False,False,True,False,-0.8403772744780637,1.771122653278549,-0.4440155028509486,2,-1,0
0,0,-1.413565360568364,0,1,1,2,2,2,0.05453625709921346,-0.35018748795170074,1,1,0,0,1,1,1,0,4,1,3,4,-0.8988808550831783,11,True,False,False,False,False,False,True,False,False,False,True,True,False,-0.4533863851021608,1.771122653278549,-0.13095388102516461,2,-1,0
0,0,-1.413565360568364,0,1,1,3,1,2,2.43854978172197,-0.35018748795170074,0,1,0,0,0,1,1,0,4,4,2,3,0.7825712589593232,15,False,True,False,False,False,True,False,False,False,False,True,False,False,1.288072617089402,1.0503865328331752,0.6517001735392955,1,0,6
0,1,-0.5833331142460615,1,0,1,3,1,2,2.43854978172197,-0.35018748795170074,0,1,0,0,1,1,1,0,4,3,2,5,-0.3383968170690111,11,False,True,False,False,False,True,False,False,False,False,True,False,False,0.12709994896169347,1.771122653278549,-0.7570771246767328,1,-2,2
0,1,-1.413565360568364,1,0,1,4,2,1,2.43854978172197,-0.35018748795170074,0,0,0,0,1,1,1,0,3,3,3,3,-0.8988808550831783,10,False,True,False,False,False,True,False,False,False,False,False,True,False,-0.6468818297901122,1.771122653278549,-0.7570771246767328,0,-2,0
0,0,-1.413565360568364,0,0,1,1,1,1,0.05453625709921346,-0.35018748795170074,1,1,0,0,0,1,1,1,3,3,4,5,-0.3383968170690111,11,False,True,False,False,False,True,False,False,False,False,True,True,False,0.12709994896169347,-0.03071764783488606,0.96476179536508,2,-2,2
0,1,-0.5833331142460615,1,0,1,3,1,1,-1.137470505212165,-0.35018748795170074,0,0,0,1,1,1,0,0,5,3,2,5,-0.8988808550831783,14,False,True,False,False,False,True,False,False,False,False,True,True,False,0.5140908383375963,-0.9316377983916035,0.3386385517135116,0,0,0
0,0,-0.5833331142460615,1,0,1,3,3,1,0.05453625709921346,-0.35018748795170074,1,1,0,1,1,1,1,0,4,3,3,5,0.22208722094515607,11,False,True,False,False,False,False,True,False,True,False,False,True,False,-0.25989094041420935,-0.03071764783488606,0.96476179536508,2,0,4
0,1,-1.413565360568364,1,0,1,4,3,1,0.05453625709921346,-0.35018748795170074,0,1,0,1,1,1,1,0,4,3,3,5,-0.8988808550831783,11,False,False,False,True,False,True,False,False,True,False,False,True,False,-0.25989094041420935,-0.03071764783488606,0.6517001735392955,1,0,0
0,1,-1.413565360568364,1,0,1,4,0,2,2.43854978172197,-0.35018748795170074,0,0,0,1,1,1,1,0,3,4,3,1,-0.8988808550831783,11,False,False,False,True,False,True,False,False,False,False,False,True,False,-0.06639549572625794,1.0503865328331752,-0.7570771246767328,0,-1,0
0,0,-0.5833331142460615,1,0,1,2,2,1,2.43854978172197,-0.35018748795170074,0,0,0,0,1,1,1,1,5,2,3,3,-0.6186388360760947,13,False,True,False,False,False,True,False,False,False,False,True,True,False,0.5140908383375963,2.9723495206875055,-0.13095388102516461,0,0,1
0,1,0.24689913207624084,1,0,1,2,1,2,-1.137470505212165,4.834846607849287,1,1,0,1,1,0,1,0,4,5,1,3,-0.8988808550831783,10,False,True,False,False,False,True,False,False,True,False,False,True,False,-1.033872719166015,-1.2319445152438429,-0.7570771246767328,2,0,0
0,0,-0.5833331142460615,1,0,1,3,4,1,0.05453625709921346,-0.35018748795170074,0,1,0,0,1,1,1,0,2,4,3,3,3.024507411015992,11,False,False,False,False,False,True,False,False,False,False,False,True,False,-0.06639549572625794,-0.391085708057573,-0.4440155028509486,1,-1,14
0,1,-1.413565360568364,1,0,1,2,3,1,-1.137470505212165,-0.35018748795170074,1,1,0,1,0,1,1,1,3,2,2,3,-0.8988808550831783,12,False,True,False,False,False,False,True,False,False,False,False,False,False,-0.25989094041420935,-0.6313310815393645,-0.13095388102516461,2,0,0
0,1,-1.413565360568364,1,0,1,2,3,1,1.2465430194105918,-0.35018748795170074,1,0,0,0,0,1,1,0,5,3,2,5,-0.3383968170690111,9,False,True,False,False,False,True,False,False,True,False,False,True,False,-0.8403772744780637,0.8702025027218314,-0.4440155028509486,1,-1,2
0,0,-1.413565360568364,1,1,1,3,2,1,0.05453625709921346,-0.35018748795170074,0,1,0,0,1,1,1,0,4,4,4,5,0.22208722094515607,11,False,False,True,False,False,True,False,False,False,False,True,True,False,-0.06639549572625794,-0.391085708057573,-0.7570771246767328,1,-1,4
0,1,-1.413565360568364,1,1,1,2,2,2,0.05453625709921346,-0.35018748795170074,0,0,1,1,1,1,1,0,5,3,3,4,-0.3383968170690111,13,False,False,True,False,False,False,True,False,True,False,False,True,False,0.3205953936496449,-0.03071764783488606,-0.13095388102516461,0,-1,2
0,0,-1.413565360568364,1,0,1,1,1,1,0.05453625709921346,-0.35018748795170074,0,1,0,1,0,1,1,0,4,3,2,4,-0.3383968170690111,12,False,True,False,False,False,True,False,False,True,False,False,False,False,0.3205953936496449,-0.03071764783488606,0.6517001735392955,1,-1,2
0,0,-1.413565360568364,1,0,1,4,4,2,0.05453625709921346,-0.35018748795170074,0,0,0,0,1,1,1,1,4,4,4,5,0.22208722094515607,12,False,False,True,False,False,False,True,False,False,False,True,False,False,-0.06639549572625794,-0.391085708057573,0.6517001735392955,0,-1,4
0,0,-0.5833331142460615,1,1,1,2,2,1,0.05453625709921346,-0.35018748795170074,0,1,0,0,1,1,0,0,4,3,4,2,0.7825712589593232,11,False,False,False,False,False,True,False,False,False,False,False,True,False,0.12709994896169347,-0.03071764783488606,-0.4440155028509486,1,-2,6
0,0,-1.413565360568364,1,0,1,4,2,1,1.2465430194105918,-0.35018748795170074,0,1,0,1,1,1,1,0,5,3,3,1,0.22208722094515607,15,False,True,False,False,False,True,False,False,False,False,True,True,False,1.288072617089402,0.8702025027218314,-0.13095388102516461,1,0,4
0,1,-0.5833331142460615,1,0,1,2,2,2,0.05453625709921346,-0.35018748795170074,0,0,0,1,0,1,1,0,4,4,2,3,0.7825712589593232,11,False,False,True,False,False,True,False,False,False,False,True,False,False,-0.25989094041420935,-0.391085708057573,-0.7570771246767328,0,-2,6
0,1,-0.5833331142460615,1,1,0,4,4,1,0.05453625709921346,-0.35018748795170074,0,1,0,0,1,1,0,0,4,1,3,5,0.7825712589593232,10,False,False,False,True,True,False,False,False,False,False,True,True,False,-1.033872719166015,1.771122653278549,2.0604774717553243,1,0,6
0,0,-0.5833331142460615,1,0,1,3,3,1,1.2465430194105918,-0.35018748795170074,0,1,0,0,1,1,1,1,4,3,3,4,-0.3383968170690111,11,False,True,False,False,False,True,False,False,True,False,False,True,False,-0.6468818297901122,0.8702025027218314,-0.13095388102516461,1,2,2
0,0,-1.413565360568364,1,0,1,4,3,1,-1.137470505212165,-0.35018748795170074,0,0,0,1,1,1,1,0,4,5,5,1,0.7825712589593232,13,False,False,True,False,False,True,False,False,False,False,True,True,False,0.7075862830255477,-1.2319445152438429,-0.13095388102516461,0,-1,6
0,0,-0.5833331142460615,1,1,1,3,1,1,0.05453625709921346,-0.35018748795170074,1,1,0,0,1,1,0,0,3,3,3,2,-0.8988808550831783,12,False,True,False,False,False,True,False,False,True,False,False,False,False,0.3205953936496449,-0.03071764783488606,0.6517001735392955,2,1,0
0,0,-0.5833331142460615,1,0,1,4,2,2,0.05453625709921346,-0.35018748795170074,0,1,0,1,1,1,1,0,5,3,3,1,-0.3383968170690111,14,False,False,False,True,False,False,True,False,True,False,False,True,False,0.7075862830255477,-0.03071764783488606,-0.7570771246767328,1,1,2
0,1,-1.413565360568364,1,1,1,2,2,1,2.43854978172197,-0.35018748795170074,0,1,0,1,1,1,1,0,4,3,4,4,-0.3383968170690111,12,False,False,True,False,True,False,False,False,False,False,True,True,False,-0.06639549572625794,1.771122653278549,-0.7570771246767328,1,1,2
0,0,-1.413565360568364,0,0,1,1,1,2,2.43854978172197,-0.35018748795170074,1,1,1,1,1,1,1,0,3,1,2,1,0.22208722094515607,13,False,False,False,False,False,True,False,False,True,False,False,True,False,0.5140908383375963,5.374803255505419,-0.7570771246767328,2,0,4
0,1,-0.5833331142460615,0,0,1,4,3,2,-1.137470505212165,-0.35018748795170074,1,1,1,1,0,1,1,0,3,3,3,4,0.7825712589593232,11,False,False,True,False,False,True,False,False,False,False,True,True,False,-0.6468818297901122,-0.9316377983916035,-0.7570771246767328,2,2,6
0,0,-0.5833331142460615,1,0,1,2,1,1,0.05453625709921346,-0.35018748795170074,0,1,0,0,1,1,0,1,4,3,5,5,-0.8988808550831783,12,False,True,False,False,False,True,False,False,False,False,False,True,False,0.3205953936496449,-0.03071764783488606,-0.7570771246767328,1,-1,0
0,0,-0.5833331142460615,1,0,1,4,4,1,-1.137470505212165,-0.35018748795170074,0,0,0,1,0,1,1,0,5,3,4,1,0.22208722094515607,13,False,True,False,False,False,True,False,False,False,False,True,True,False,0.3205953936496449,-0.9316377983916035,-0.4440155028509486,0,1,4
0,0,-0.5833331142460615,1,0,1,4,3,1,1.2465430194105918,-0.35018748795170074,1,1,0,0,1,1,1,0,5,3,5,3,-0.3383968170690111,13,False,True,False,False,False,False,False,False,False,False,False,True,False,0.3205953936496449,0.8702025027218314,-0.7570771246767328,2,1,2
0,1,-0.5833331142460615,1,0,1,4,4,1,-1.137470505212165,-0.35018748795170074,1,1,0,1,1,1,1,0,4,5,5,4,2.464023373001825,8,False,False,True,False,False,False,True,False,False,True,False,True,False,-1.033872719166015,-1.2319445152438429,3.6257855808842447,2,0,12
0,1,-0.5833331142460615,1,0,1,4,4,1,1.2465430194105918,-0.35018748795170074,0,1,0,1,1,1,1,1,4,4,3,4,-0.8988808550831783,16,False,False,True,False,False,False,False,True,False,True,False,False,False,1.6750635064653048,0.32965041238780085,-0.7570771246767328,1,0,0
0,1,-1.413565360568364,1,0,1,4,4,1,-1.137470505212165,-0.35018748795170074,0,1,1,1,0,1,1,0,5,3,3,5,-0.3383968170690111,12,False,False,True,False,False,True,False,False,False,False,False,True,False,0.3205953936496449,-0.9316377983916035,-0.7570771246767328,1,1,2
0,1,-1.413565360568364,1,0,0,3,4,1,0.05453625709921346,-0.35018748795170074,0,1,0,1,1,1,1,0,5,4,4,1,-0.8988808550831783,16,False,False,True,False,False,True,False,False,False,False,False,True,False,1.6750635064653048,-0.391085708057573,-0.7570771246767328,1,0,0
0,0,-1.413565360568364,1,0,0,3,3,1,2.43854978172197,-0.35018748795170074,1,0,0,0,1,1,0,0,4,3,3,4,1.9035393349876577,10,False,True,False,False,True,False,False,False,False,False,True,False,False,-0.6468818297901122,1.771122653278549,-0.7570771246767328,1,0,10
0,0,-1.413565360568364,1,0,1,2,2,1,2.43854978172197,-0.35018748795170074,1,1,0,0,1,1,1,0,5,1,2,3,0.22208722094515607,10,False,True,False,False,False,True,False,False,False,False,False,True,False,-0.6468818297901122,5.374803255505419,-0.7570771246767328,2,0,4
0,1,-0.5833331142460615,1,0,1,3,3,1,1.2465430194105918,-0.35018748795170074,0,1,0,1,1,1,1,0,5,3,3,5,0.22208722094515607,14,False,False,True,False,False,True,False,False,True,False,False,False,False,0.7075862830255477,0.8702025027218314,-0.7570771246767328,1,1,4
0,1,-1.413565360568364,0,0,1,4,4,4,2.43854978172197,-0.35018748795170074,0,1,0,1,1,1,1,1,1,3,5,1,1.3430552969734904,11,False,True,False,False,False,True,False,False,True,False,False,False,False,-0.25989094041420935,1.771122653278549,2.0604774717553243,1,-2,8
0,0,-0.5833331142460615,1,1,1,4,4,1,1.2465430194105918,-0.35018748795170074,0,1,0,1,1,1,1,1,5,4,5,4,-0.3383968170690111,14,True,False,False,False,True,False,False,False,False,True,False,True,False,1.288072617089402,0.32965041238780085,-0.7570771246767328,1,0,2
0,1,-1.413565360568364,1,1,0,4,4,1,-1.137470505212165,-0.35018748795170074,0,0,0,1,1,1,1,0,5,5,3,4,0.22208722094515607,14,False,False,False,True,False,False,False,True,False,False,False,True,False,0.7075862830255477,-1.2319445152438429,-0.7570771246767328,0,1,4
0,0,-0.5833331142460615,0,0,1,3,3,1,1.2465430194105918,-0.35018748795170074,1,1,0,1,1,1,1,0,4,1,2,2,0.22208722094515607,11,False,False,True,False,False,True,False,False,False,False,True,False,False,-0.25989094041420935,3.572962954391984,-0.7570771246767328,2,0,4
0,0,-0.5833331142460615,1,0,1,2,2,1,0.05453625709921346,1.3781572106486288,1,0,0,1,1,1,1,0,3,1,2,5,2.464023373001825,10,False,False,False,False,False,True,False,False,True,False,False,True,False,-1.033872719166015,1.771122653278549,-0.7570771246767328,1,2,24
0,1,-1.413565360568364,1,1,1,4,2,1,-1.137470505212165,-0.35018748795170074,0,0,0,0,1,1,1,0,3,5,2,3,1.9035393349876577,18,False,False,False,True,False,True,False,False,False,False,False,True,False,2.255549840529159,-1.2319445152438429,-0.7570771246767328,0,-1,10
0,1,-1.413565360568364,0,0,1,2,1,1,0.05453625709921346,-0.35018748795170074,0,0,0,1,1,1,1,1,5,4,2,5,0.22208722094515607,10,True,False,False,False,False,False,True,False,False,False,True,True,False,-0.8403772744780637,-0.391085708057573,-0.7570771246767328,0,-1,4
0,1,-0.5833331142460615,1,0,1,4,4,1,0.05453625709921346,-0.35018748795170074,0,1,0,1,1,1,1,0,5,4,4,5,0.7825712589593232,14,False,False,False,True,False,False,False,True,False,False,False,False,False,1.288072617089402,-0.391085708057573,-0.4440155028509486,1,-2,6
0,1,-1.413565360568364,1,0,1,4,4,2,0.05453625709921346,-0.35018748795170074,0,1,0,1,1,1,0,0,4,4,3,2,0.22208722094515607,16,False,True,False,False,False,False,False,True,False,False,True,False,False,1.4815680617773535,-0.391085708057573,-0.7570771246767328,1,-1,4
0,1,-0.5833331142460615,1,0,1,3,3,2,-1.137470505212165,-0.35018748795170074,0,0,0,1,1,1,1,0,5,4,2,5,0.7825712589593232,15,False,True,False,False,False,False,True,False,True,False,False,False,False,0.9010817277134991,-1.111821828502947,-0.7570771246767328,0,0,6
0,1,0.24689913207624084,0,0,1,1,3,3,0.05453625709921346,1.3781572106486288,0,1,0,1,1,1,1,0,5,2,4,5,3.024507411015992,11,False,True,False,False,False,True,False,False,False,False,False,False,False,-0.06639549572625794,0.5698957858695921,0.18210774080061962,1,-1,28
0,1,-1.413565360568364,1,0,1,3,4,1,-1.137470505212165,-0.35018748795170074,0,0,0,0,1,1,1,0,3,4,3,4,-0.3383968170690111,14,False,True,False,False,False,True,False,False,False,False,True,False,False,0.7075862830255477,-1.111821828502947,-0.4440155028509486,0,-1,2
0,0,-1.413565360568364,1,0,1,1,2,1,0.05453625709921346,-0.35018748795170074,0,0,0,0,0,1,1,0,3,2,3,1,-0.8988808550831783,14,False,False,False,False,False,False,True,False,False,False,False,True,False,0.9010817277134991,0.5698957858695921,-0.4440155028509486,0,0,0
0,1,-1.413565360568364,1,0,1,2,2,1,2.43854978172197,-0.35018748795170074,0,1,0,1,1,1,1,0,5,5,4,5,0.7825712589593232,13,False,False,True,False,False,False,True,False,True,False,False,False,False,0.7075862830255477,0.5698957858695921,-0.4440155028509486,1,-1,6
0,0,-0.5833331142460615,1,1,1,2,4,2,0.05453625709921346,-0.35018748795170074,0,1,0,1,1,1,1,1,4,2,2,5,-0.3383968170690111,13,False,True,False,False,True,False,False,False,False,False,False,False,False,0.5140908383375963,0.5698957858695921,-0.4440155028509486,1,-2,2
0,1,-0.5833331142460615,1,0,1,4,4,1,-1.137470505212165,-0.35018748795170074,0,1,0,1,1,1,1,0,3,4,4,5,0.22208722094515607,13,True,False,False,False,False,True,False,False,False,False,False,True,False,0.3205953936496449,-1.111821828502947,0.18210774080061962,1,1,4
0,0,-0.5833331142460615,1,0,1,2,2,1,0.05453625709921346,-0.35018748795170074,0,0,0,0,1,1,1,1,5,4,4,5,-0.8988808550831783,11,False,True,False,False,False,True,False,False,True,False,False,True,False,-0.06639549572625794,-0.391085708057573,-0.7570771246767328,0,-1,0
0,1,-1.413565360568364,1,0,1,3,4,1,-1.137470505212165,-0.35018748795170074,1,0,0,0,1,1,1,0,5,5,5,5,-0.3383968170690111,9,False,False,True,False,False,False,True,False,True,False,False,False,False,-1.033872719166015,-1.2319445152438429,1.121292606277972,1,0,2
0,0,-1.413565360568364,1,1,0,3,4,1,0.05453625709921346,-0.35018748795170074,1,0,0,1,1,1,1,1,5,3,2,1,-0.8988808550831783,11,False,True,False,False,False,True,False,False,True,False,False,True,False,-0.4533863851021608,-0.03071764783488606,-0.7570771246767328,1,1,0
0,0,1.9073636247208456,1,0,1,0,1,1,0.05453625709921346,3.106501909248958,0,1,0,0,0,0,0,0,3,4,2,5,-0.8988808550831783,11,False,False,False,False,False,True,False,False,False,False,False,False,True,-0.8403772744780637,-0.391085708057573,-0.7570771246767328,1,1,0
0,1,-0.5833331142460615,0,0,1,4,4,1,-1.137470505212165,-0.35018748795170074,0,0,0,1,1,1,1,0,3,5,5,4,1.3430552969734904,15,False,False,False,True,False,False,False,True,False,False,False,True,False,0.9010817277134991,-1.2319445152438429,1.277823417190864,0,0,8
0,1,-0.5833331142460615,1,0,1,2,3,2,1.2465430194105918,-0.35018748795170074,0,1,0,0,0,1,1,1,3,2,3,1,0.22208722094515607,13,False,True,False,False,False,True,False,False,False,False,False,True,False,0.3205953936496449,1.771122653278549,0.3386385517135116,1,-1,4
0,0,-1.413565360568364,0,0,1,3,4,2,1.2465430194105918,-0.35018748795170074,0,1,0,0,1,1,1,1,4,2,2,5,-0.8988808550831783,12,False,False,True,False,False,False,False,True,False,False,False,False,False,-0.4533863851021608,1.771122653278549,0.3386385517135116,1,1,0
0,0,1.0771313783985432,1,0,1,2,1,1,0.05453625709921346,4.834846607849287,0,1,0,1,1,0,1,1,5,4,5,5,1.9035393349876577,8,False,False,True,False,False,True,False,False,False,False,True,True,False,-0.8403772744780637,-0.391085708057573,-0.13095388102516461,1,-1,40
0,0,0.24689913207624084,1,1,0,2,1,3,-1.137470505212165,-0.35018748795170074,0,1,0,0,1,1,1,0,3,2,2,5,1.3430552969734904,11,False,True,False,False,False,True,False,False,False,False,False,True,False,-0.4533863851021608,-0.6313310815393645,-0.4440155028509486,1,-1,8
0,0,-1.413565360568364,1,0,1,1,1,3,-1.137470505212165,-0.35018748795170074,0,1,0,1,0,1,1,1,4,3,3,4,0.7825712589593232,13,False,False,False,False,False,True,False,False,False,False,False,True,False,-0.06639549572625794,-0.9316377983916035,-0.4440155028509486,1,1,6
0,0,0.24689913207624084,1,1,1,2,2,1,-1.137470505212165,-0.35018748795170074,0,1,0,0,1,1,1,1,3,4,4,5,-0.3383968170690111,12,False,True,False,False,False,True,False,False,False,False,False,False,False,0.3205953936496449,-1.111821828502947,-0.13095388102516461,1,-1,2
0,0,-0.5833331142460615,1,0,0,3,4,1,-1.137470505212165,-0.35018748795170074,0,0,0,0,1,1,1,0,3,2,1,5,2.464023373001825,14,False,False,True,False,False,True,False,False,False,False,False,False,False,0.9010817277134991,-0.6313310815393645,0.18210774080061962,0,-2,12
0,1,-0.5833331142460615,1,0,1,2,1,4,-1.137470505212165,-0.35018748795170074,0,0,0,0,1,1,0,0,3,2,1,2,0.22208722094515607,11,False,False,False,False,False,True,False,False,False,False,False,True,False,-1.033872719166015,-0.6313310815393645,-0.7570771246767328,0,0,4
0,0,-0.5833331142460615,1,0,0,2,2,1,-1.137470505212165,1.3781572106486288,0,0,0,0,1,1,0,0,5,3,4,5,2.464023373001825,11,False,True,False,False,False,True,False,False,True,False,False,True,False,0.12709994896169347,-0.9316377983916035,-0.7570771246767328,0,-2,24
0,1,-1.413565360568364,0,0,1,3,4,4,0.05453625709921346,-0.35018748795170074,0,1,0,0,1,1,0,1,5,3,3,5,-0.3383968170690111,11,False,False,False,False,False,False,False,True,False,False,False,True,False,-0.06639549572625794,-0.03071764783488606,-0.7570771246767328,1,-1,2
0,0,-1.413565360568364,1,0,1,4,4,1,1.2465430194105918,-0.35018748795170074,0,1,0,1,1,1,1,1,4,3,3,5,0.22208722094515607,15,False,False,True,False,False,False,False,False,False,False,False,True,False,0.7075862830255477,0.8702025027218314,-0.7570771246767328,1,1,4
0,1,0.24689913207624084,0,0,1,3,4,3,0.05453625709921346,-0.35018748795170074,0,0,0,0,1,1,0,0,5,4,5,5,-0.3383968170690111,10,False,False,False,False,False,True,False,False,False,False,False,True,False,-0.8403772744780637,-0.391085708057573,0.96476179536508,0,-1,2
0,0,-0.5833331142460615,0,0,1,1,1,4,0.05453625709921346,-0.35018748795170074,0,1,0,0,1,1,0,0,5,1,3,3,-0.8988808550831783,13,False,False,False,False,False,True,False,False,False,False,False,True,False,0.7075862830255477,1.771122653278549,-0.7570771246767328,1,-1,0
0,1,1.0771313783985432,1,1,1,3,1,2,-1.137470505212165,-0.35018748795170074,0,0,0,1,1,1,1,1,3,3,4,4,-0.3383968170690111,12,False,False,True,False,False,False,True,False,False,False,False,True,False,-0.25989094041420935,-0.9316377983916035,2.8431315263197843,0,0,2
0,0,1.0771313783985432,1,0,0,3,2,1,1.2465430194105918,-0.35018748795170074,0,1,0,1,0,1,1,1,4,3,3,5,1.9035393349876577,11,False,True,False,False,False,False,True,False,False,False,False,False,True,-0.06639549572625794,0.8702025027218314,2.3735390935811087,1,-1,10
0,0,-0.5833331142460615,0,0,1,1,1,2,-1.137470505212165,-0.35018748795170074,0,1,0,1,1,1,0,1,3,3,3,1,1.3430552969734904,11,False,True,False,False,False,False,True,False,False,False,True,True,False,-0.06639549572625794,-0.9316377983916035,-0.4440155028509486,1,-1,8
0,0,-0.5833331142460615,1,0,0,3,3,2,-1.137470505212165,-0.35018748795170074,0,1,0,1,0,1,1,1,4,3,2,5,0.22208722094515607,10,False,True,False,False,False,True,False,False,False,False,False,False,True,-1.033872719166015,-0.9316377983916035,-0.7570771246767328,1,0,4
0,1,-0.5833331142460615,1,1,1,1,1,1,0.05453625709921346,3.106501909248958,0,0,0,0,1,1,0,1,4,4,4,5,-0.8988808550831783,10,False,False,True,False,False,True,False,False,False,False,False,True,False,-0.6468818297901122,-0.391085708057573,-0.13095388102516461,0,0,0
0,0,-1.413565360568364,1,0,1,4,4,2,-1.137470505212165,-0.35018748795170074,0,0,0,1,1,1,1,0,4,3,2,5,0.7825712589593232,14,False,False,False,True,False,False,False,True,False,False,False,True,False,0.7075862830255477,-0.9316377983916035,-0.7570771246767328,0,1,6
0,0,-1.413565360568364,0,0,1,1,1,3,-1.137470505212165,1.3781572106486288,0,0,0,1,1,1,1,1,5,5,5,1,-0.3383968170690111,9,False,True,False,False,False,True,False,False,False,False,False,True,False,-1.2273681638539664,-1.2319445152438429,-0.7570771246767328,0,1,4
0,1,-1.413565360568364,1,0,1,4,3,2,2.43854978172197,-0.35018748795170074,1,1,0,0,1,1,1,0,2,2,2,3,0.7825712589593232,11,False,False,False,True,False,False,True,False,False,False,False,False,False,-0.6468818297901122,2.9723495206875055,-0.7570771246767328,2,2,6
0,1,-0.5833331142460615,1,0,1,4,4,1,1.2465430194105918,-0.35018748795170074,0,1,0,1,1,1,1,0,5,3,3,5,-0.8988808550831783,13,False,False,True,False,False,False,True,False,False,False,False,True,False,0.9010817277134991,0.8702025027218314,-0.13095388102516461,1,-2,0
0,1,-0.5833331142460615,1,1,1,2,2,2,-1.137470505212165,-0.35018748795170074,0,1,0,1,1,1,1,0,2,3,3,2,0.22208722094515607,11,False,False,True,False,False,False,True,False,False,False,True,False,False,-0.06639549572625794,-0.9316377983916035,0.3386385517135116,1,-1,4
0,0,-1.413565360568364,1,0,1,4,4,1,1.2465430194105918,-0.35018748795170074,0,1,0,1,1,1,1,0,4,2,2,5,-0.3383968170690111,13,False,False,False,True,False,False,True,False,False,False,False,True,False,0.5140908383375963,1.771122653278549,-0.7570771246767328,1,0,2
0,0,-0.5833331142460615,1,1,1,1,1,1,-1.137470505212165,-0.35018748795170074,0,0,0,0,1,1,1,0,3,4,4,1,0.22208722094515607,11,False,False,False,False,False,False,False,False,False,False,False,True,False,-0.4533863851021608,-1.111821828502947,1.434354228103756,0,1,4
0,0,-1.413565360568364,1,0,1,1,1,1,0.05453625709921346,-0.35018748795170074,0,1,0,0,1,1,1,0,4,4,2,5,-0.8988808550831783,12,False,True,False,False,False,False,True,False,False,False,False,False,False,0.12709994896169347,-0.391085708057573,-0.4440155028509486,1,0,0
0,0,-1.413565360568364,1,1,0,2,1,2,-1.137470505212165,-0.35018748795170074,0,1,0,1,1,0,1,1,4,4,2,5,-0.8988808550831783,10,False,False,False,False,False,True,False,False,True,False,False,True,False,-0.4533863851021608,-1.111821828502947,-0.7570771246767328,1,-1,0
0,0,-1.413565360568364,1,0,1,3,2,1,0.05453625709921346,1.3781572106486288,0,1,0,0,1,1,1,0,3,3,2,3,-0.3383968170690111,11,True,False,False,False,False,False,True,False,True,False,False,False,False,-0.25989094041420935,-0.03071764783488606,-0.7570771246767328,1,0,4
0,0,-1.413565360568364,1,0,1,1,2,1,0.05453625709921346,-0.35018748795170074,0,1,0,0,0,1,1,0,4,3,2,5,0.7825712589593232,13,False,False,False,False,False,True,False,False,False,False,False,True,False,0.3205953936496449,-0.03071764783488606,-0.7570771246767328,1,-1,6
0,0,-1.413565360568364,1,0,1,1,2,1,0.05453625709921346,-0.35018748795170074,0,0,0,0,0,1,0,1,2,3,4,1,0.7825712589593232,11,False,False,False,False,False,False,True,False,False,False,False,False,False,-0.25989094041420935,-0.03071764783488606,0.96476179536508,0,0,6
0,1,-1.413565360568364,1,1,0,2,1,4,-1.137470505212165,-0.35018748795170074,0,0,0,0,1,1,1,0,4,5,5,5,-0.8988808550831783,11,False,False,True,False,False,True,False,False,False,False,False,True,False,-0.06639549572625794,-1.2319445152438429,1.277823417190864,0,-1,0
0,1,-0.5833331142460615,1,1,1,2,1,1,-1.137470505212165,1.3781572106486288,0,0,0,1,1,1,0,1,4,4,4,5,0.7825712589593232,10,False,False,False,False,False,True,False,False,False,False,False,True,False,-0.8403772744780637,-1.111821828502947,2.0604774717553243,0,1,12
0,0,-1.413565360568364,0,0,1,3,3,2,1.2465430194105918,-0.35018748795170074,0,1,1,1,1,1,1,1,4,2,1,3,-0.3383968170690111,13,False,False,True,False,False,False,True,False,False,False,True,False,True,0.5140908383375963,1.771122653278549,0.6517001735392955,1,0,2
0,1,1.9073636247208456,1,0,1,3,2,1,-1.137470505212165,-0.35018748795170074,0,1,0,0,1,0,1,1,4,5,4,4,0.7825712589593232,11,False,False,True,False,False,False,False,False,True,False,False,True,False,-0.6468818297901122,-1.2319445152438429,-0.7570771246767328,1,-2,6
0,0,0.24689913207624084,1,0,1,4,4,1,-1.137470505212165,-0.35018748795170074,1,1,0,0,1,1,0,1,4,2,1,4,-0.8988808550831783,13,False,True,False,False,False,False,False,True,False,False,False,True,False,0.5140908383375963,-0.6313310815393645,-0.7570771246767328,2,0,0
0,1,-1.413565360568364,0,0,1,2,3,1,0.05453625709921346,-0.35018748795170074,1,0,1,1,1,1,0,0,4,4,4,1,-0.8988808550831783,8,False,False,False,False,False,False,True,False,False,False,False,True,False,-1.6143590532298693,-0.391085708057573,-0.7570771246767328,1,1,0
0,1,0.24689913207624084,0,1,1,1,2,1,-1.137470505212165,4.834846607849287,0,0,0,0,1,1,0,0,2,2,2,5,3.024507411015992,10,False,True,False,False,False,True,False,False,False,False,True,True,False,-1.2273681638539664,-0.6313310815393645,1.434354228103756,0,-1,56
0,0,1.0771313783985432,0,0,1,1,1,3,-1.137470505212165,4.834846607849287,0,1,0,1,0,1,0,0,5,2,5,4,0.7825712589593232,11,False,False,False,False,False,True,False,False,False,False,False,True,False,-0.4533863851021608,-0.6313310815393645,0.4951693626264036,1,-1,24
0,1,-0.5833331142460615,0,0,1,2,2,3,-1.137470505212165,-0.35018748795170074,0,0,0,0,0,1,0,0,4,2,2,3,0.22208722094515607,11,False,False,False,False,False,True,False,False,False,False,False,True,False,-0.25989094041420935,-0.6313310815393645,-0.4440155028509486,0,-2,4
0,1,-0.5833331142460615,1,1,1,1,2,2,-1.137470505212165,3.106501909248958,0,0,0,0,0,1,1,0,4,4,5,5,-0.8988808550831783,10,True,False,False,False,False,False,True,False,False,False,False,True,False,-1.2273681638539664,-1.111821828502947,2.0604774717553243,0,-1,0
0,1,0.24689913207624084,0,1,1,2,1,2,-1.137470505212165,1.3781572106486288,0,0,1,1,1,0,1,1,3,3,2,5,1.3430552969734904,9,False,False,False,False,False,True,False,False,False,False,False,True,False,-1.420863608541918,-0.9316377983916035,0.3386385517135116,0,0,16
0,1,0.24689913207624084,0,0,1,3,2,2,0.05453625709921346,3.106501909248958,1,1,0,0,1,1,1,1,4,4,4,3,0.22208722094515607,8,False,True,False,False,False,True,False,False,False,False,False,True,False,-2.0013499426057724,-0.391085708057573,0.18210774080061962,2,-1,12
0,1,-1.413565360568364,1,1,1,1,2,2,-1.137470505212165,-0.35018748795170074,0,0,0,1,1,1,0,0,4,4,4,5,-0.3383968170690111,10,False,True,False,False,False,True,False,False,False,False,False,True,False,-1.2273681638539664,-1.111821828502947,0.96476179536508,0,1,2
0,1,-0.5833331142460615,1,0,1,1,3,1,-1.137470505212165,1.3781572106486288,0,0,0,0,1,0,1,0,5,3,3,2,-0.3383968170690111,8,False,False,False,False,False,False,True,False,False,False,False,False,False,-1.2273681638539664,-0.9316377983916035,0.18210774080061962,0,-1,4
0,1,0.24689913207624084,0,1,1,1,1,4,0.05453625709921346,-0.35018748795170074,0,0,0,1,1,0,0,1,5,3,5,5,-0.8988808550831783,8,False,True,False,False,False,False,True,False,False,False,False,True,False,-1.420863608541918,-0.03071764783488606,0.4951693626264036,0,0,0
0,1,0.24689913207624084,1,0,1,3,2,2,-1.137470505212165,4.834846607849287,0,1,0,1,0,0,0,0,4,5,2,2,1.9035393349876577,8,False,False,True,False,False,False,True,False,False,False,False,True,False,-1.6143590532298693,-1.2319445152438429,-0.7570771246767328,1,-1,40
0,1,-0.5833331142460615,1,0,1,2,2,1,0.05453625709921346,-0.35018748795170074,0,0,0,0,1,0,1,0,4,3,5,4,-0.8988808550831783,11,False,True,False,False,False,True,False,False,False,False,False,False,False,-0.8403772744780637,-0.03071764783488606,0.96476179536508,0,1,0
0,0,-0.5833331142460615,1,0,1,4,2,1,0.05453625709921346,-0.35018748795170074,0,0,0,0,1,1,1,1,4,2,3,3,-0.8988808550831783,18,True,False,False,False,False,False,True,False,True,False,False,False,False,2.0620543958412076,0.5698957858695921,-0.7570771246767328,0,0,0
0,0,-0.5833331142460615,1,0,1,2,2,1,0.05453625709921346,-0.35018748795170074,0,1,0,0,0,1,1,0,5,1,5,4,-0.8988808550831783,13,False,True,False,False,False,True,False,False,True,False,False,True,False,0.12709994896169347,1.771122653278549,-0.7570771246767328,1,0,0
0,0,-0.5833331142460615,1,0,1,4,4,1,0.05453625709921346,-0.35018748795170074,0,1,0,0,1,1,1,1,4,4,2,3,-0.8988808550831783,17,True,False,False,False,True,False,False,False,False,False,True,True,False,1.6750635064653048,-0.391085708057573,-0.7570771246767328,1,0,0
0,1,-0.5833331142460615,1,0,1,3,4,3,-1.137470505212165,1.3781572106486288,0,1,0,1,0,1,1,0,3,4,5,2,0.22208722094515607,10,False,True,False,False,False,True,False,False,False,False,False,False,False,-1.033872719166015,-1.111821828502947,0.96476179536508,1,0,8
0,1,-0.5833331142460615,1,0,1,1,0,2,0.05453625709921346,-0.35018748795170074,0,1,0,1,1,1,1,1,4,3,2,3,-0.8988808550831783,18,False,True,False,False,False,True,False,False,False,False,True,True,False,1.8685589511532563,-0.03071764783488606,-0.7570771246767328,1,1,0
0,1,0.24689913207624084,1,1,1,4,4,1,0.05453625709921346,-0.35018748795170074,0,1,0,1,1,1,1,0,4,4,4,5,-0.8988808550831783,10,False,False,False,True,False,True,False,False,False,False,True,True,False,-0.6468818297901122,-0.391085708057573,-0.13095388102516461,1,-2,0
0,0,-0.5833331142460615,1,0,1,1,3,1,0.05453625709921346,-0.35018748795170074,0,0,0,1,0,1,1,1,4,3,5,3,-0.8988808550831783,13,False,False,False,False,False,False,True,False,True,False,False,True,False,0.7075862830255477,-0.03071764783488606,-0.7570771246767328,0,-1,0
0,0,-0.5833331142460615,1,1,1,3,3,2,0.05453625709921346,-0.35018748795170074,0,1,0,1,1,1,1,0,4,4,5,4,-0.8988808550831783,15,False,True,False,False,False,True,False,False,False,False,True,True,False,0.9010817277134991,-0.391085708057573,-0.7570771246767328,1,0,0
0,1,0.24689913207624084,1,1,1,4,3,2,0.05453625709921346,-0.35018748795170074,0,0,0,1,1,1,1,0,4,4,4,4,-0.8988808550831783,11,False,False,False,True,False,True,False,False,False,False,False,True,False,-0.4533863851021608,-0.391085708057573,2.5300699044940003,0,1,0
0,0,-0.5833331142460615,1,0,1,2,2,2,0.05453625709921346,-0.35018748795170074,0,0,0,1,0,1,1,0,3,4,4,5,-0.8988808550831783,14,False,False,True,False,False,True,False,False,False,False,True,True,False,0.3205953936496449,-0.391085708057573,0.18210774080061962,0,-1,0
0,1,0.24689913207624084,1,0,1,3,3,1,0.05453625709921346,-0.35018748795170074,0,0,0,1,0,1,1,0,4,3,4,4,0.22208722094515607,10,False,True,False,False,False,True,False,False,False,False,True,False,False,-0.6468818297901122,-0.03071764783488606,0.18210774080061962,0,-2,4
0,1,-0.5833331142460615,0,0,1,4,2,1,-1.137470505212165,-0.35018748795170074,0,1,0,1,1,1,1,1,4,3,3,3,1.3430552969734904,11,False,False,False,True,False,False,True,False,False,True,False,True,False,-0.8403772744780637,-0.9316377983916035,1.74741584992954,1,-1,8
0,1,0.24689913207624084,1,0,1,4,3,1,0.05453625709921346,-0.35018748795170074,0,1,1,1,1,1,1,1,5,2,3,2,0.22208722094515607,13,False,True,False,False,False,True,False,False,False,False,False,True,False,-0.25989094041420935,0.5698957858695921,-0.7570771246767328,1,0,4
0,1,-0.5833331142460615,1,0,1,4,3,1,0.05453625709921346,-0.35018748795170074,0,1,1,1,1,1,1,0,3,4,3,3,0.22208722094515607,11,False,False,False,True,False,True,False,False,True,False,False,True,False,-0.4533863851021608,-0.391085708057573,0.6517001735392955,1,-1,4
0,1,-0.5833331142460615,1,0,1,3,3,1,0.05453625709921346,-0.35018748795170074,0,0,0,1,1,1,1,1,4,2,3,3,-0.8988808550831783,13,False,False,True,False,False,True,False,False,True,False,False,True,False,-0.06639549572625794,0.5698957858695921,-0.4440155028509486,0,1,0
0,0,0.24689913207624084,1,0,1,2,4,1,0.05453625709921346,-0.35018748795170074,0,1,0,1,1,1,0,0,5,4,2,5,-0.8988808550831783,17,False,False,True,False,False,False,True,False,False,False,True,False,False,2.255549840529159,-0.391085708057573,0.6517001735392955,1,1,0
0,0,-0.5833331142460615,1,0,1,3,2,1,0.05453625709921346,-0.35018748795170074,0,1,0,0,1,1,1,0,1,2,2,1,1.3430552969734904,16,False,True,False,False,False,True,False,False,False,False,True,True,False,1.0945771724014506,0.5698957858695921,-0.4440155028509486,1,1,8
0,1,0.24689913207624084,1,0,1,3,3,1,0.05453625709921346,-0.35018748795170074,0,1,0,1,1,1,1,1,4,3,4,4,0.7825712589593232,14,False,False,True,False,False,False,True,False,False,True,False,True,False,0.12709994896169347,-0.03071764783488606,0.6517001735392955,1,2,6
0,1,-0.5833331142460615,1,0,1,1,2,1,-1.137470505212165,-0.35018748795170074,0,1,0,1,1,1,1,1,3,3,3,3,-0.8988808550831783,11,False,False,True,False,False,False,True,False,False,True,False,True,False,-0.8403772744780637,-0.9316377983916035,-0.4440155028509486,1,-1,0
0,1,-0.5833331142460615,1,1,1,2,1,1,0.05453625709921346,-0.35018748795170074,0,0,0,1,1,1,1,1,4,2,3,5,-0.8988808550831783,16,False,True,False,False,False,True,False,False,False,False,False,True,False,0.7075862830255477,0.5698957858695921,-0.4440155028509486,0,1,0
0,0,0.24689913207624084,1,0,0,3,3,1,0.05453625709921346,-0.35018748795170074,0,1,0,0,0,1,1,1,3,3,3,3,1.9035393349876577,14,True,False,False,False,False,True,False,False,False,False,True,True,False,0.3205953936496449,-0.03071764783488606,-0.13095388102516461,1,1,10
0,1,0.24689913207624084,0,0,1,1,2,1,0.05453625709921346,-0.35018748795170074,0,0,0,0,1,1,0,0,3,1,3,3,0.7825712589593232,10,False,False,False,False,False,True,False,False,True,False,False,True,False,-1.033872719166015,1.771122653278549,0.4951693626264036,0,0,6
0,0,-0.5833331142460615,1,0,1,2,3,1,0.05453625709921346,-0.35018748795170074,0,0,0,0,1,1,1,0,4,3,3,2,0.7825712589593232,13,False,False,True,False,False,False,True,False,False,False,False,True,False,0.12709994896169347,-0.03071764783488606,-0.7570771246767328,0,0,6
0,0,0.24689913207624084,1,0,1,1,1,1,0.05453625709921346,-0.35018748795170074,0,0,0,1,1,1,1,0,5,3,3,3,-0.8988808550831783,12,False,False,False,False,False,False,True,False,False,False,False,True,False,-0.06639549572625794,-0.03071764783488606,-0.7570771246767328,0,-1,0
0,1,-0.5833331142460615,0,0,1,3,3,1,-1.137470505212165,-0.35018748795170074,0,1,0,1,1,1,1,0,4,3,2,5,-0.8988808550831783,10,False,False,True,False,False,False,True,False,False,False,True,True,False,-0.4533863851021608,-0.9316377983916035,1.74741584992954,1,-1,0
0,1,-0.5833331142460615,1,0,1,2,3,2,-1.137470505212165,-0.35018748795170074,0,0,0,0,1,1,1,0,5,3,3,3,-0.8988808550831783,12,False,True,False,False,False,True,False,False,True,False,False,False,False,0.3205953936496449,-0.9316377983916035,-0.7570771246767328,0,-1,0
0,0,0.24689913207624084,1,1,1,2,4,1,0.05453625709921346,-0.35018748795170074,0,0,0,1,1,1,1,1,4,3,2,5,1.3430552969734904,16,False,False,True,False,False,False,True,False,False,False,False,False,False,1.0945771724014506,-0.03071764783488606,-0.7570771246767328,0,1,8
0,1,0.24689913207624084,1,0,1,4,4,1,-1.137470505212165,-0.35018748795170074,0,0,0,0,1,1,1,0,5,2,3,5,0.22208722094515607,14,False,False,True,False,False,False,False,True,True,False,False,True,False,0.5140908383375963,-0.6313310815393645,-0.4440155028509486,0,0,4
0,0,-0.5833331142460615,1,1,1,4,4,1,0.05453625709921346,-0.35018748795170074,0,1,0,0,1,1,1,0,4,5,2,3,-0.8988808550831783,11,False,False,False,True,False,False,False,True,False,False,True,True,False,-0.4533863851021608,-0.6313310815393645,-0.4440155028509486,1,-1,0
0,0,-0.5833331142460615,1,0,1,4,3,1,0.05453625709921346,-0.35018748795170074,0,1,0,1,1,1,1,0,4,3,5,2,-0.3383968170690111,15,True,False,False,False,False,True,False,False,True,False,False,True,False,0.9010817277134991,-0.03071764783488606,0.4951693626264036,1,0,2
0,0,-0.5833331142460615,1,0,1,2,3,1,0.05453625709921346,-0.35018748795170074,1,1,0,1,1,1,0,0,4,4,3,4,0.22208722094515607,12,False,True,False,False,False,True,False,False,False,False,True,True,False,-0.06639549572625794,-0.391085708057573,-0.13095388102516461,2,1,4
0,0,0.24689913207624084,1,0,1,1,1,1,0.05453625709921346,-0.35018748795170074,0,1,0,0,0,1,0,0,4,4,4,1,-0.8988808550831783,15,False,True,False,False,False,True,False,False,False,False,False,True,False,1.0945771724014506,-0.391085708057573,-0.13095388102516461,1,1,0
0,0,-0.5833331142460615,0,0,1,2,2,2,2.43854978172197,-0.35018748795170074,0,1,0,1,0,1,1,0,5,3,5,5,0.7825712589593232,13,False,False,True,False,False,False,True,False,False,False,True,True,False,0.5140908383375963,1.771122653278549,-0.7570771246767328,1,0,6
0,0,0.24689913207624084,1,0,1,3,4,1,1.2465430194105918,1.3781572106486288,0,1,1,0,1,1,1,1,4,4,3,5,3.024507411015992,8,False,False,False,False,False,False,True,False,True,False,False,True,False,-1.2273681638539664,0.32965041238780085,1.74741584992954,1,1,28
0,0,-0.5833331142460615,1,0,0,3,1,1,0.05453625709921346,-0.35018748795170074,0,1,0,0,1,1,1,0,2,3,3,4,-0.3383968170690111,12,False,False,True,False,False,True,False,False,False,False,False,True,False,-0.25989094041420935,-0.03071764783488606,0.3386385517135116,1,0,2
0,0,-0.5833331142460615,1,0,1,4,3,1,0.05453625709921346,-0.35018748795170074,0,0,0,1,1,1,1,1,1,3,2,1,0.22208722094515607,15,False,False,False,True,False,True,False,False,False,True,False,True,False,1.0945771724014506,-0.03071764783488606,-0.7570771246767328,0,1,4
0,0,-0.5833331142460615,1,0,1,1,1,2,-1.137470505212165,-0.35018748795170074,0,1,0,0,1,1,0,0,4,3,2,5,-0.3383968170690111,13,False,False,False,False,False,True,False,False,True,False,False,True,False,0.3205953936496449,-0.9316377983916035,0.18210774080061962,1,1,2
0,0,0.24689913207624084,0,0,1,4,3,2,1.2465430194105918,-0.35018748795170074,0,1,0,1,1,1,1,1,4,4,2,4,-0.8988808550831783,12,False,False,False,True,False,True,False,False,False,False,True,True,False,-0.06639549572625794,0.32965041238780085,-0.7570771246767328,1,1,0
0,0,1.9073636247208456,1,0,1,3,3,1,2.43854978172197,-0.35018748795170074,0,1,0,1,1,1,1,0,4,3,3,3,0.22208722094515607,12,False,True,False,False,False,True,False,False,False,False,True,False,True,0.12709994896169347,1.771122653278549,-0.4440155028509486,1,0,4
0,1,0.24689913207624084,1,1,1,4,4,1,0.05453625709921346,-0.35018748795170074,0,1,0,0,1,1,1,1,5,3,5,3,3.3047494300230755,12,False,False,True,False,False,True,False,False,True,False,False,True,False,0.3205953936496449,-0.03071764783488606,2.8431315263197843,1,-1,15
0,0,-0.5833331142460615,1,0,0,2,2,1,0.05453625709921346,-0.35018748795170074,1,1,0,0,1,1,1,0,3,3,4,4,-0.8988808550831783,13,False,True,False,False,False,True,False,False,False,False,True,True,False,0.5140908383375963,-0.03071764783488606,-0.7570771246767328,2,0,0
0,1,1.0771313783985432,1,0,1,2,2,1,0.05453625709921346,-0.35018748795170074,0,1,0,1,1,1,1,0,4,4,4,5,1.9035393349876577,11,False,False,True,False,False,True,False,False,True,False,False,True,False,-0.06639549572625794,-0.391085708057573,0.96476179536508,1,-1,10
0,0,0.24689913207624084,0,1,1,4,4,1,-1.137470505212165,-0.35018748795170074,0,1,0,0,1,1,0,0,5,2,1,3,0.7825712589593232,11,False,False,True,False,False,True,False,False,False,True,False,True,False,-0.06639549572625794,-0.6313310815393645,-0.4440155028509486,1,-1,6
0,0,0.24689913207624084,1,1,1,3,2,2,0.05453625709921346,-0.35018748795170074,0,0,0,0,1,1,1,0,4,4,4,1,-0.3383968170690111,15,False,True,False,False,False,True,False,False,False,False,True,True,False,1.288072617089402,-0.391085708057573,-0.13095388102516461,0,2,2
0,1,1.0771313783985432,1,1,1,3,3,1,0.05453625709921346,-0.35018748795170074,0,1,0,0,1,1,1,0,3,2,4,4,1.9035393349876577,10,False,False,True,False,True,False,False,False,True,False,False,False,False,-0.6468818297901122,0.5698957858695921,0.96476179536508,1,0,10
0,0,0.24689913207624084,1,0,1,2,3,2,-1.137470505212165,-0.35018748795170074,0,1,0,0,1,1,0,0,3,3,3,3,0.22208722094515607,13,False,False,False,False,False,True,False,False,True,False,False,False,False,0.3205953936496449,-0.9316377983916035,0.18210774080061962,1,1,4
0,0,0.24689913207624084,1,0,1,2,2,1,1.2465430194105918,-0.35018748795170074,0,1,0,1,1,1,1,0,4,3,3,4,-0.8988808550831783,13,False,False,False,False,False,False,False,False,False,False,False,True,False,0.12709994896169347,0.8702025027218314,-0.7570771246767328,1,0,0
0,0,0.24689913207624084,0,0,1,2,1,2,0.05453625709921346,-0.35018748795170074,0,1,0,1,1,1,1,0,4,2,5,5,-0.8988808550831783,11,False,False,False,False,False,False,True,False,False,False,True,True,False,-0.4533863851021608,0.5698957858695921,-0.4440155028509486,1,-1,0
0,0,0.24689913207624084,1,0,1,1,1,1,1.2465430194105918,-0.35018748795170074,0,1,0,1,1,1,0,1,4,3,4,5,2.464023373001825,12,False,False,False,False,False,True,False,False,False,False,True,True,False,0.12709994896169347,0.8702025027218314,-0.7570771246767328,1,0,12
0,0,-0.5833331142460615,1,0,1,2,3,1,0.05453625709921346,-0.35018748795170074,1,0,0,0,1,1,1,0,2,3,1,3,-0.8988808550831783,14,False,False,True,False,False,False,False,True,False,True,False,True,False,0.5140908383375963,-0.03071764783488606,-0.7570771246767328,1,0,0
0,1,1.0771313783985432,1,0,1,2,2,2,0.05453625709921346,4.834846607849287,0,1,1,0,1,1,1,0,3,3,3,4,1.6232973159805741,10,False,True,False,False,False,True,False,False,True,False,False,True,False,-0.8403772744780637,-0.03071764783488606,3.6257855808842447,1,-1,36
0,0,-0.5833331142460615,1,0,1,4,4,1,1.2465430194105918,-0.35018748795170074,0,1,0,1,0,1,1,0,5,3,2,5,0.22208722094515607,16,False,False,False,True,False,False,True,False,True,False,False,True,False,1.4815680617773535,0.8702025027218314,-0.7570771246767328,1,1,4
0,0,1.0771313783985432,0,0,1,3,1,1,0.05453625709921346,-0.35018748795170074,0,0,0,1,1,1,1,1,5,3,3,4,0.22208722094515607,8,False,True,False,False,False,True,False,False,False,False,True,True,False,-1.420863608541918,-0.03071764783488606,-0.7570771246767328,0,0,4
0,0,0.24689913207624084,1,0,1,3,2,1,0.05453625709921346,-0.35018748795170074,0,0,0,1,0,1,1,0,5,3,4,3,-0.3383968170690111,17,False,True,False,False,False,True,False,False,False,False,False,True,False,2.255549840529159,-0.03071764783488606,-0.13095388102516461,0,1,2
0,1,0.24689913207624084,1,1,1,2,3,1,0.05453625709921346,-0.35018748795170074,0,1,0,0,0,1,1,0,5,3,3,3,-0.8988808550831783,11,False,False,True,False,False,False,True,False,False,False,True,False,False,-0.4533863851021608,-0.03071764783488606,-0.13095388102516461,1,1,0
0,1,1.0771313783985432,1,1,1,2,1,4,0.05453625709921346,-0.35018748795170074,1,1,0,1,1,1,1,1,4,3,2,3,-0.3383968170690111,11,False,False,False,False,False,True,False,False,False,False,False,True,False,-0.8403772744780637,-0.03071764783488606,2.8431315263197843,2,1,2
0,0,0.24689913207624084,1,0,0,2,1,2,1.2465430194105918,-0.35018748795170074,0,0,0,1,1,1,1,1,3,2,3,3,-0.8988808550831783,16,False,True,False,False,False,True,False,False,False,False,False,True,False,1.288072617089402,1.771122653278549,-0.4440155028509486,0,0,0
0,0,0.24689913207624084,1,1,1,4,3,1,0.05453625709921346,-0.35018748795170074,0,0,0,1,1,1,1,1,3,2,3,3,-0.8988808550831783,12,True,False,False,False,False,True,False,False,False,False,True,False,False,0.5140908383375963,0.5698957858695921,-0.4440155028509486,0,-2,0
0,1,0.24689913207624084,0,0,1,2,2,2,0.05453625709921346,-0.35018748795170074,0,1,0,1,1,1,1,0,4,5,2,1,-0.8988808550831783,13,False,True,False,False,False,True,False,False,False,False,False,False,False,0.3205953936496449,-0.6313310815393645,-0.7570771246767328,1,1,0
0,1,0.24689913207624084,1,0,1,4,4,1,0.05453625709921346,-0.35018748795170074,1,1,0,1,1,1,1,1,4,5,5,2,-0.8988808550831783,13,False,False,False,True,False,False,False,True,False,False,True,True,False,0.5140908383375963,-0.6313310815393645,-0.13095388102516461,2,0,0
0,1,-0.5833331142460615,1,0,1,4,4,1,0.05453625709921346,-0.35018748795170074,0,1,0,1,1,1,1,0,4,2,4,1,-0.8988808550831783,14,True,False,False,False,False,True,False,False,False,False,True,False,False,0.5140908383375963,0.5698957858695921,0.96476179536508,1,0,0
0,1,-0.5833331142460615,1,1,1,1,1,2,0.05453625709921346,-0.35018748795170074,0,1,0,0,1,1,1,0,3,4,2,5,-0.3383968170690111,9,False,True,False,False,False,True,False,False,True,False,False,True,False,-1.033872719166015,-0.391085708057573,-0.7570771246767328,1,0,2
0,1,-0.5833331142460615,1,0,1,3,2,2,1.2465430194105918,-0.35018748795170074,0,0,0,1,1,1,1,1,5,3,3,2,-0.8988808550831783,12,False,False,False,False,False,True,False,False,False,False,True,True,False,0.12709994896169347,0.8702025027218314,-0.13095388102516461,0,0,0
0,1,0.24689913207624084,1,1,1,2,2,1,0.05453625709921346,-0.35018748795170074,0,0,0,1,0,1,1,1,4,4,2,4,-0.8988808550831783,16,False,True,False,False,False,True,False,False,True,False,False,False,False,1.6750635064653048,-0.391085708057573,3.6257855808842447,0,0,0
0,0,-0.5833331142460615,1,0,1,2,1,1,-1.137470505212165,-0.35018748795170074,0,0,0,0,1,1,1,1,4,5,2,5,0.22208722094515607,10,False,True,False,False,False,True,False,False,True,False,False,True,False,-0.8403772744780637,-1.2319445152438429,-0.7570771246767328,0,1,4
0,0,-0.5833331142460615,1,0,0,4,1,1,0.05453625709921346,-0.35018748795170074,0,0,0,1,1,1,1,1,5,3,3,5,-0.8988808550831783,13,False,True,False,False,False,True,False,False,True,False,False,True,False,0.7075862830255477,-0.03071764783488606,-0.4440155028509486,0,-1,0
0,0,1.0771313783985432,1,0,1,3,3,2,-1.137470505212165,1.3781572106486288,0,0,0,0,1,0,1,0,4,1,1,3,3.024507411015992,7,False,True,False,False,False,True,False,False,False,False,False,True,False,-1.6143590532298693,-0.03071764783488606,-0.7570771246767328,0,-1,28
0,1,0.24689913207624084,1,0,1,4,4,1,-1.137470505212165,-0.35018748795170074,0,1,0,1,0,1,1,0,4,2,1,5,0.7825712589593232,9,False,False,False,True,False,False,False,True,False,False,False,True,False,-1.033872719166015,-0.6313310815393645,-0.4440155028509486,1,-2,6
0,0,0.24689913207624084,1,0,1,3,2,1,0.05453625709921346,-0.35018748795170074,0,0,0,1,1,1,0,0,5,4,2,3,0.22208722094515607,15,False,True,False,False,False,True,False,False,False,False,False,False,False,0.9010817277134991,-0.391085708057573,-0.7570771246767328,0,0,4
0,0,0.24689913207624084,1,1,1,1,1,1,1.2465430194105918,-0.35018748795170074,0,1,0,1,1,1,1,1,4,3,2,4,1.9035393349876577,10,False,False,False,False,False,False,False,False,False,False,False,True,False,-0.4533863851021608,0.8702025027218314,-0.4440155028509486,1,-1,10
0,0,-0.5833331142460615,1,0,1,1,2,1,-1.137470505212165,-0.35018748795170074,0,0,0,0,1,0,1,0,5,3,5,5,0.22208722094515607,11,False,True,False,False,False,True,False,False,False,False,False,True,False,-0.06639549572625794,-0.9316377983916035,-0.4440155028509486,0,-1,4
0,0,0.24689913207624084,0,0,1,2,1,3,0.05453625709921346,-0.35018748795170074,0,0,0,1,1,1,0,0,2,1,1,3,-0.3383968170690111,13,False,False,False,False,False,False,True,False,False,False,False,True,False,0.5140908383375963,1.771122653278549,-0.7570771246767328,0,0,2
0,0,0.24689913207624084,0,1,0,1,4,4,-1.137470505212165,1.3781572106486288,0,1,0,0,1,1,1,0,5,5,4,5,3.024507411015992,8,False,True,False,False,False,True,False,False,False,False,False,False,True,-1.033872719166015,-1.2319445152438429,-0.7570771246767328,1,0,28
0,0,0.24689913207624084,1,1,0,2,2,1,-1.137470505212165,1.3781572106486288,0,1,0,0,0,0,1,0,3,1,2,1,1.3430552969734904,10,False,True,False,False,False,True,False,False,True,False,False,True,False,-0.6468818297901122,-0.03071764783488606,-0.7570771246767328,1,-2,16
0,0,0.24689913207624084,0,1,1,1,1,2,1.2465430194105918,-0.35018748795170074,0,0,0,1,1,1,1,0,4,3,3,5,0.22208722094515607,15,False,False,False,False,False,True,False,False,False,False,False,True,False,1.0945771724014506,0.8702025027218314,-0.13095388102516461,0,-1,4
0,0,0.24689913207624084,1,1,0,4,2,1,0.05453625709921346,-0.35018748795170074,0,1,0,1,1,1,0,0,4,3,2,4,0.22208722094515607,14,False,False,False,True,False,True,False,False,False,False,False,True,False,1.0945771724014506,-0.03071764783488606,-0.7570771246767328,1,-1,4
0,1,0.24689913207624084,1,1,1,4,3,2,0.05453625709921346,-0.35018748795170074,0,0,0,1,1,1,1,1,2,5,5,5,1.3430552969734904,15,True,False,False,False,False,True,False,False,False,False,False,True,False,1.288072617089402,-0.6313310815393645,0.18210774080061962,0,0,8
0,1,0.24689913207624084,0,1,0,4,4,2,0.05453625709921346,-0.35018748795170074,0,1,0,0,1,1,1,0,3,3,3,4,-0.8988808550831783,12,False,False,False,True,False,True,False,False,False,False,False,True,False,0.12709994896169347,-0.03071764783488606,0.6517001735392955,1,0,0
0,1,-0.5833331142460615,1,1,1,4,3,1,-1.137470505212165,-0.35018748795170074,0,0,0,1,0,1,1,0,5,4,5,3,1.0628132779664068,15,False,False,False,True,False,True,False,False,False,False,False,True,False,0.9010817277134991,-1.111821828502947,-0.7570771246767328,0,0,7
0,1,-0.5833331142460615,1,0,1,4,4,1,-1.137470505212165,-0.35018748795170074,0,0,1,1,1,1,1,0,5,3,2,5,0.22208722094515607,15,False,False,True,False,False,False,True,False,False,False,False,True,False,1.0945771724014506,-0.9316377983916035,-0.4440155028509486,0,1,4
0,0,0.24689913207624084,1,0,1,4,4,1,0.05453625709921346,-0.35018748795170074,0,1,1,0,1,1,1,1,5,3,1,5,-0.3383968170690111,12,False,False,False,True,False,False,True,False,False,False,False,True,False,-0.25989094041420935,-0.03071764783488606,0.18210774080061962,1,0,2
0,1,0.24689913207624084,0,0,1,1,1,2,1.2465430194105918,-0.35018748795170074,0,0,0,0,0,1,1,1,4,3,3,1,-0.3383968170690111,15,False,True,False,False,False,True,False,False,True,False,False,False,False,0.7075862830255477,0.8702025027218314,-0.7570771246767328,0,1,2
0,0,0.24689913207624084,1,0,1,3,3,2,1.2465430194105918,-0.35018748795170074,0,1,0,0,1,1,1,1,4,2,2,5,1.9035393349876577,11,False,False,True,False,False,True,False,False,True,False,False,True,False,-0.25989094041420935,1.771122653278549,0.6517001735392955,1,0,10
0,0,0.24689913207624084,1,0,1,1,1,1,0.05453625709921346,-0.35018748795170074,1,0,0,0,0,1,0,1,4,3,2,4,1.9035393349876577,10,False,False,False,False,False,True,False,False,False,False,False,True,False,-0.8403772744780637,-0.03071764783488606,-0.7570771246767328,1,-1,10
0,0,1.0771313783985432,1,0,1,2,1,2,1.2465430194105918,-0.35018748795170074,0,1,0,0,0,1,1,1,4,4,4,3,1.9035393349876577,11,False,True,False,False,False,True,False,False,False,False,False,False,True,-0.25989094041420935,0.32965041238780085,-0.7570771246767328,1,-2,10
0,1,-0.5833331142460615,1,0,1,2,1,3,-1.137470505212165,-0.35018748795170074,0,0,0,0,1,1,1,0,4,3,3,4,1.0628132779664068,16,False,True,False,False,False,True,False,False,False,False,False,True,False,1.4815680617773535,-0.9316377983916035,-0.7570771246767328,0,1,7
0,0,0.24689913207624084,1,0,1,1,1,1,0.05453625709921346,-0.35018748795170074,0,1,0,0,1,1,0,0,4,3,4,5,0.22208722094515607,11,False,True,False,False,False,False,True,False,False,False,False,False,False,-0.4533863851021608,-0.03071764783488606,-0.4440155028509486,1,-1,4
0,1,0.24689913207624084,1,0,1,2,3,2,-1.137470505212165,-0.35018748795170074,0,0,0,0,1,1,1,0,5,2,2,2,-0.3383968170690111,13,False,True,False,False,False,True,False,False,False,False,False,False,False,-0.4533863851021608,-0.6313310815393645,-0.7570771246767328,0,3,2
0,1,4.398060363687753,1,0,1,3,1,1,-1.137470505212165,4.834846607849287,0,0,0,0,0,0,1,1,5,4,5,1,2.464023373001825,5,False,False,True,False,False,False,True,False,False,True,False,True,False,-1.6143590532298693,-1.111821828502947,3.6257855808842447,0,1,48
0,1,1.0771313783985432,0,1,1,3,3,1,0.05453625709921346,-0.35018748795170074,0,1,0,0,1,1,1,1,4,3,3,5,1.3430552969734904,10,False,True,False,False,False,False,True,False,False,False,False,True,False,-0.8403772744780637,-0.03071764783488606,-0.13095388102516461,1,-1,8
0,1,-0.5833331142460615,1,0,1,0,2,1,-1.137470505212165,-0.35018748795170074,0,0,0,0,0,1,1,0,4,3,2,5,-0.8988808550831783,11,False,True,False,False,False,True,False,False,False,True,False,True,False,-0.06639549572625794,-0.9316377983916035,0.96476179536508,0,1,0
0,1,1.0771313783985432,1,0,1,3,2,2,-1.137470505212165,-0.35018748795170074,0,0,0,0,1,0,1,0,4,4,5,5,1.3430552969734904,7,False,False,True,False,False,True,False,False,False,False,False,True,False,-1.6143590532298693,-1.111821828502947,0.96476179536508,0,1,8
0,1,-0.5833331142460615,1,0,1,3,3,3,0.05453625709921346,1.3781572106486288,1,1,0,0,0,1,1,0,5,3,3,2,0.22208722094515607,10,False,False,False,False,False,True,False,False,False,False,True,False,True,-0.6468818297901122,-0.03071764783488606,-0.13095388102516461,2,2,8
0,1,1.0771313783985432,1,0,1,2,1,1,-1.137470505212165,3.106501909248958,0,0,0,0,0,0,1,0,3,2,5,5,0.22208722094515607,6,False,False,True,False,False,False,True,False,False,True,False,True,False,-1.6143590532298693,-0.6313310815393645,1.277823417190864,0,1,12
0,1,-0.5833331142460615,0,0,1,2,1,2,-1.137470505212165,-0.35018748795170074,0,0,0,1,0,1,0,0,3,3,2,3,-0.3383968170690111,12,False,True,False,False,False,True,False,False,False,False,False,True,False,0.7075862830255477,-0.9316377983916035,-0.13095388102516461,0,-1,2
0,1,0.24689913207624084,0,0,1,2,1,1,-1.137470505212165,-0.35018748795170074,0,0,0,0,0,1,1,0,4,4,2,5,-0.8988808550831783,13,False,True,False,False,False,True,False,False,False,False,False,True,False,0.12709994896169347,-1.111821828502947,0.96476179536508,0,0,0
0,1,0.24689913207624084,1,1,1,1,1,2,-1.137470505212165,1.3781572106486288,0,1,0,1,1,1,1,0,4,4,4,5,-0.8988808550831783,10,True,False,False,False,False,True,False,False,False,False,False,True,False,-0.8403772744780637,-1.111821828502947,-0.4440155028509486,1,1,0
0,0,1.0771313783985432,1,1,0,2,1,1,0.05453625709921346,-0.35018748795170074,0,1,0,0,0,1,1,1,4,3,4,5,-0.3383968170690111,13,False,True,False,False,False,True,False,False,False,False,False,True,False,0.12709994896169347,-0.03071764783488606,-0.13095388102516461,1,0,2
0,0,0.24689913207624084,1,1,1,4,2,1,2.43854978172197,-0.35018748795170074,0,1,0,1,1,1,1,0,4,2,3,4,-0.3383968170690111,17,False,False,False,True,False,False,True,False,False,False,True,True,False,1.0945771724014506,2.9723495206875055,-0.7570771246767328,1,1,2
0,0,1.9073636247208456,1,0,1,2,2,1,0.05453625709921346,-0.35018748795170074,0,1,0,0,1,1,1,0,4,3,3,5,-0.8988808550831783,11,False,False,True,False,False,False,True,False,True,False,False,True,False,-0.6468818297901122,-0.03071764783488606,-0.7570771246767328,1,0,0
0,1,1.0771313783985432,1,1,1,2,1,3,0.05453625709921346,1.3781572106486288,0,0,0,1,0,0,1,0,4,4,5,5,0.22208722094515607,11,False,False,True,False,False,True,False,False,False,False,False,True,False,-0.4533863851021608,-0.391085708057573,2.5300699044940003,0,-1,8
0,0,0.24689913207624084,0,0,1,4,2,1,1.2465430194105918,-0.35018748795170074,0,1,0,1,1,1,1,0,4,3,4,5,-0.3383968170690111,14,False,True,False,False,False,True,False,False,False,False,False,True,False,-0.06639549572625794,0.8702025027218314,-0.13095388102516461,1,1,2
0,0,1.0771313783985432,1,1,1,1,1,1,1.2465430194105918,-0.35018748795170074,0,1,0,0,0,1,0,0,4,4,3,3,0.22208722094515607,14,False,True,False,False,False,False,False,False,True,False,False,True,False,-0.06639549572625794,0.32965041238780085,0.6517001735392955,1,1,4
0,0,1.0771313783985432,0,0,1,2,2,1,0.05453625709921346,-0.35018748795170074,1,0,0,0,1,1,0,0,3,2,3,5,0.22208722094515607,13,False,True,False,False,False,True,False,False,True,False,False,True,False,-0.25989094041420935,0.5698957858695921,-0.7570771246767328,1,0,4
0,1,1.9073636247208456,1,1,0,4,3,1,0.05453625709921346,-0.35018748795170074,0,1,0,0,1,1,1,0,4,3,1,1,0.22208722094515607,14,False,False,True,False,False,False,False,False,False,False,True,True,False,0.12709994896169347,-0.03071764783488606,-0.7570771246767328,1,2,4
0,1,1.0771313783985432,1,0,1,2,1,1,0.05453625709921346,-0.35018748795170074,0,0,0,1,1,1,1,0,5,2,4,4,-0.3383968170690111,16,False,True,False,False,False,True,False,False,True,False,False,True,False,1.6750635064653048,0.5698957858695921,-0.4440155028509486,0,0,2
0,1,0.24689913207624084,0,0,1,2,2,2,-1.137470505212165,-0.35018748795170074,0,0,0,0,0,0,0,0,5,2,2,4,-0.8988808550831783,10,False,True,False,False,False,False,True,False,False,True,False,True,False,-0.8403772744780637,-0.6313310815393645,-0.7570771246767328,0,1,0
0,0,0.24689913207624084,1,1,1,2,2,1,2.43854978172197,-0.35018748795170074,0,0,0,1,1,1,1,1,3,4,1,2,-0.3383968170690111,12,False,False,True,False,False,False,True,False,False,False,False,False,False,-0.4533863851021608,1.0503865328331752,-0.7570771246767328,0,1,2
0,0,2.737595871043148,0,0,1,2,1,2,0.05453625709921346,-0.35018748795170074,0,1,1,1,1,0,1,1,1,2,3,2,1.3430552969734904,12,False,True,False,False,False,True,False,False,False,False,False,False,True,-0.25989094041420935,0.5698957858695921,-0.4440155028509486,1,2,8
0,0,1.0771313783985432,1,0,1,4,3,1,0.05453625709921346,-0.35018748795170074,0,1,0,0,1,1,1,1,3,1,2,2,-0.3383968170690111,15,False,False,True,False,False,True,False,False,True,False,False,False,False,1.288072617089402,1.771122653278549,-0.13095388102516461,1,0,2
0,1,1.0771313783985432,1,0,1,4,3,1,0.05453625709921346,-0.35018748795170074,0,1,0,0,0,1,1,0,4,3,2,3,-0.3383968170690111,11,False,False,False,True,False,True,False,False,False,False,False,True,False,-0.6468818297901122,-0.03071764783488606,-0.7570771246767328,1,0,2
0,1,1.0771313783985432,0,0,1,3,2,1,1.2465430194105918,-0.35018748795170074,0,0,0,1,0,1,0,0,5,3,2,3,-0.3383968170690111,12,False,True,False,False,False,True,False,False,False,False,False,True,False,-0.4533863851021608,0.8702025027218314,-0.7570771246767328,0,1,2
0,0,0.24689913207624084,1,0,1,3,3,1,1.2465430194105918,-0.35018748795170074,0,0,0,1,0,1,0,0,3,2,3,4,-0.3383968170690111,13,False,True,False,False,False,True,False,False,True,False,False,True,False,0.7075862830255477,1.771122653278549,-0.7570771246767328,0,-3,2
0,0,1.0771313783985432,1,0,1,2,2,1,1.2465430194105918,-0.35018748795170074,0,1,0,1,1,1,1,1,4,3,3,3,-0.8988808550831783,13,False,False,False,False,False,False,True,False,True,False,False,True,False,-0.06639549572625794,0.8702025027218314,-0.7570771246767328,1,1,0
0,1,0.24689913207624084,1,0,1,2,2,2,-1.137470505212165,-0.35018748795170074,0,0,0,0,1,0,1,0,4,4,4,4,1.3430552969734904,9,False,True,False,False,False,True,False,False,True,False,False,False,False,-1.420863608541918,-1.111821828502947,0.6517001735392955,0,0,8
0,1,1.0771313783985432,0,1,0,3,4,2,0.05453625709921346,-0.35018748795170074,0,1,0,1,1,1,1,0,4,2,5,1,0.7825712589593232,16,False,True,False,False,False,True,False,False,False,False,True,True,False,1.4815680617773535,0.5698957858695921,1.74741584992954,1,1,6
0,1,0.24689913207624084,1,0,1,3,1,1,0.05453625709921346,-0.35018748795170074,0,0,0,1,1,1,1,1,5,4,4,5,-0.8988808550831783,14,False,False,True,False,False,True,False,False,False,True,False,True,False,-0.25989094041420935,-0.391085708057573,1.74741584992954,0,0,0
0,0,1.0771313783985432,0,0,1,4,4,2,0.05453625709921346,-0.35018748795170074,0,0,0,1,1,1,1,0,4,3,4,4,1.3430552969734904,12,False,False,False,True,False,True,False,False,False,False,True,True,False,-0.4533863851021608,-0.03071764783488606,0.3386385517135116,0,1,8
0,1,1.0771313783985432,1,0,1,4,2,1,0.05453625709921346,-0.35018748795170074,0,1,0,1,1,1,1,1,5,4,5,5,0.22208722094515607,14,True,False,False,False,False,True,False,False,False,False,True,False,False,-0.25989094041420935,-0.391085708057573,-0.13095388102516461,1,2,4
0,0,1.0771313783985432,0,0,1,2,1,2,0.05453625709921346,-0.35018748795170074,0,1,0,0,1,0,1,1,4,3,5,3,2.464023373001825,10,False,True,False,False,False,True,False,False,False,False,True,True,False,-1.2273681638539664,-0.03071764783488606,-0.4440155028509486,1,1,12
0,0,1.0771313783985432,1,0,1,2,3,1,2.43854978172197,-0.35018748795170074,0,1,0,1,1,1,1,1,4,5,5,2,1.9035393349876577,16,False,True,False,False,False,False,True,False,False,False,True,False,False,1.6750635064653048,0.5698957858695921,-0.13095388102516461,1,0,10
0,0,1.0771313783985432,1,1,1,1,1,2,0.05453625709921346,-0.35018748795170074,0,1,0,0,0,1,0,0,4,4,3,3,-0.3383968170690111,13,False,True,False,False,False,True,False,False,True,False,False,True,False,0.5140908383375963,-0.391085708057573,-0.7570771246767328,1,0,2
0,1,0.24689913207624084,0,0,1,1,2,1,0.05453625709921346,-0.35018748795170074,0,1,0,1,0,1,0,1,3,5,2,1,-0.3383968170690111,18,False,False,False,False,False,False,False,False,True,False,False,True,False,1.8685589511532563,-0.6313310815393645,0.3386385517135116,1,1,2
0,0,1.0771313783985432,1,0,1,2,1,1,0.05453625709921346,-0.35018748795170074,0,1,0,0,1,1,1,1,4,2,5,1,1.3430552969734904,15,False,True,False,False,False,True,False,False,True,False,False,True,False,0.9010817277134991,0.5698957858695921,-0.4440155028509486,1,0,8
0,0,0.24689913207624084,1,0,1,2,4,2,0.05453625709921346,-0.35018748795170074,0,1,0,0,1,1,1,1,4,3,3,1,0.7825712589593232,16,False,False,False,False,True,False,False,False,False,False,True,True,False,1.4815680617773535,-0.03071764783488606,-0.7570771246767328,1,1,6
0,0,0.24689913207624084,1,1,1,2,2,2,0.05453625709921346,-0.35018748795170074,1,1,0,0,1,1,1,1,4,4,4,5,0.7825712589593232,12,False,False,True,False,False,True,False,False,False,False,False,True,False,0.12709994896169347,-0.391085708057573,0.6517001735392955,2,0,6
0,0,1.0771313783985432,0,0,0,3,2,2,0.05453625709921346,-0.35018748795170074,0,0,0,0,0,0,1,1,4,1,1,5,3.3047494300230755,10,False,True,False,False,False,False,True,False,True,False,False,True,False,-0.4533863851021608,1.771122653278549,-0.7570771246767328,0,-3,15
0,1,1.0771313783985432,1,0,1,4,4,2,-1.137470505212165,-0.35018748795170074,0,0,0,1,1,1,1,0,3,2,4,3,0.7825712589593232,12,False,False,False,True,False,False,True,False,True,False,False,True,False,-0.06639549572625794,-0.6313310815393645,0.18210774080061962,0,1,6
0,0,1.0771313783985432,1,0,1,4,4,1,0.05453625709921346,1.3781572106486288,1,1,0,1,1,1,1,1,2,4,4,4,-0.3383968170690111,13,True,False,False,False,True,False,False,False,False,False,True,False,False,0.5140908383375963,-0.391085708057573,-0.7570771246767328,2,-2,4
0,0,0.24689913207624084,1,0,1,2,2,3,1.2465430194105918,-0.35018748795170074,0,1,0,0,1,1,1,1,4,2,3,1,1.3430552969734904,15,False,True,False,False,False,False,True,False,False,False,True,False,False,0.9010817277134991,1.771122653278549,-0.7570771246767328,1,2,8
0,0,1.9073636247208456,0,0,1,3,2,1,0.05453625709921346,1.3781572106486288,1,1,0,0,1,0,1,0,3,3,3,3,-0.8988808550831783,10,False,False,True,False,False,False,True,False,False,False,True,False,False,-1.2273681638539664,-0.03071764783488606,2.2170082826682163,2,-1,0
0,1,1.0771313783985432,1,1,1,4,3,2,-1.137470505212165,-0.35018748795170074,0,0,0,1,1,1,1,0,4,2,3,1,-0.8988808550831783,10,False,False,False,True,False,False,True,False,False,False,False,True,False,-0.6468818297901122,-0.6313310815393645,-0.4440155028509486,0,0,0
0,1,1.0771313783985432,1,0,1,1,2,2,-1.137470505212165,-0.35018748795170074,0,0,0,0,0,0,1,0,3,4,4,4,1.9035393349876577,11,False,False,False,False,False,True,False,False,True,False,False,False,True,-0.6468818297901122,-1.111821828502947,0.96476179536508,0,0,10
0,0,1.0771313783985432,0,1,1,1,1,2,2.43854978172197,-0.35018748795170074,0,1,0,1,1,1,0,0,5,2,2,3,-0.3383968170690111,18,False,False,False,False,False,True,False,False,False,False,True,True,False,2.0620543958412076,2.9723495206875055,-0.7570771246767328,1,0,2
0,0,1.0771313783985432,1,0,1,1,1,2,0.05453625709921346,-0.35018748795170074,1,0,0,1,1,1,1,0,5,4,4,4,-0.8988808550831783,13,False,True,False,False,False,True,False,False,True,False,False,True,False,0.3205953936496449,-0.391085708057573,-0.7570771246767328,1,1,0
0,0,0.24689913207624084,1,0,1,2,2,1,0.05453625709921346,-0.35018748795170074,0,1,0,0,0,1,1,0,5,4,5,5,2.464023373001825,14,False,True,False,False,False,True,False,False,False,False,False,True,False,0.12709994896169347,-0.391085708057573,-0.4440155028509486,1,0,12
0,0,1.0771313783985432,1,0,1,2,1,2,0.05453625709921346,-0.35018748795170074,0,0,0,1,1,1,1,1,4,3,1,5,1.9035393349876577,14,False,True,False,False,False,True,False,False,False,False,True,True,False,0.3205953936496449,-0.03071764783488606,-0.7570771246767328,0,1,10
0,1,0.24689913207624084,1,0,1,1,1,1,0.05453625709921346,-0.35018748795170074,0,0,0,0,0,1,1,0,4,3,3,4,-0.8988808550831783,12,False,True,False,False,False,True,False,False,False,False,True,False,False,0.12709994896169347,-0.03071764783488606,-0.4440155028509486,0,0,0
0,0,1.0771313783985432,1,0,1,2,2,1,1.2465430194105918,-0.35018748795170074,0,1,0,0,1,1,1,0,4,3,3,2,-0.8988808550831783,18,False,False,False,False,False,False,False,False,False,True,False,True,False,2.4490452852171107,0.8702025027218314,-0.4440155028509486,1,0,0
0,0,0.24689913207624084,1,0,1,1,1,1,1.2465430194105918,-0.35018748795170074,0,1,0,0,1,1,1,0,4,3,3,3,-0.8988808550831783,14,False,False,True,False,False,False,False,True,False,False,True,True,False,0.5140908383375963,0.8702025027218314,-0.7570771246767328,1,0,0
0,1,1.0771313783985432,1,0,1,2,1,1,1.2465430194105918,-0.35018748795170074,0,0,0,1,1,1,1,0,4,2,4,2,-0.8988808550831783,15,False,False,True,False,False,False,True,False,False,False,True,True,False,1.0945771724014506,1.771122653278549,-0.13095388102516461,0,1,0
0,1,1.0771313783985432,1,1,0,4,4,1,0.05453625709921346,-0.35018748795170074,0,1,0,1,1,1,1,0,5,4,3,2,-0.8988808550831783,17,False,False,False,True,False,False,False,True,False,False,True,True,False,2.0620543958412076,-0.391085708057573,-0.7570771246767328,1,0,0
0,1,1.0771313783985432,1,0,1,4,2,1,0.05453625709921346,-0.35018748795170074,0,1,0,1,1,1,1,1,4,3,2,5,-0.3383968170690111,16,False,False,False,True,False,True,False,False,True,False,False,True,False,1.4815680617773535,-0.03071764783488606,0.18210774080061962,1,1,2
0,0,0.24689913207624084,1,0,1,4,3,1,1.2465430194105918,-0.35018748795170074,0,1,0,0,1,1,1,0,4,2,2,3,-0.8988808550831783,18,True,False,False,False,False,False,True,False,False,False,True,True,False,2.255549840529159,1.771122653278549,-0.4440155028509486,1,1,0
0,0,0.24689913207624084,0,1,1,3,1,2,2.43854978172197,-0.35018748795170074,0,1,0,0,1,1,0,0,3,1,2,3,-0.8988808550831783,19,False,False,True,False,False,True,False,False,False,False,True,True,False,2.642540729905062,5.374803255505419,-0.7570771246767328,1,1,0
0,1,1.0771313783985432,0,1,1,3,2,2,1.2465430194105918,-0.35018748795170074,0,1,0,1,1,1,1,0,5,4,2,4,-0.8988808550831783,15,False,False,True,False,False,True,False,False,False,False,True,True,False,1.0945771724014506,0.32965041238780085,-0.7570771246767328,1,1,0
0,1,0.24689913207624084,1,0,1,3,3,1,-1.137470505212165,-0.35018748795170074,0,1,0,0,1,1,1,0,4,4,3,5,-0.8988808550831783,15,True,False,False,False,False,True,False,False,True,False,False,True,False,1.0945771724014506,-1.111821828502947,-0.13095388102516461,1,1,0
0,0,1.9073636247208456,1,0,1,4,4,2,0.05453625709921346,-0.35018748795170074,0,1,0,1,1,1,1,0,2,3,4,2,-0.3383968170690111,13,True,False,False,False,False,True,False,False,False,False,True,False,True,0.7075862830255477,-0.03071764783488606,0.6517001735392955,1,-1,2
0,0,1.0771313783985432,1,1,1,4,3,2,0.05453625709921346,-0.35018748795170074,0,1,0,0,1,1,1,1,4,4,5,2,-0.8988808550831783,14,False,True,False,False,False,True,False,False,True,False,False,False,True,0.7075862830255477,-0.391085708057573,-0.4440155028509486,1,1,0
0,0,1.0771313783985432,1,0,1,4,3,1,2.43854978172197,-0.35018748795170074,0,1,0,0,1,1,1,0,4,3,3,3,-0.8988808550831783,17,False,True,False,False,False,True,False,False,False,False,True,False,False,1.8685589511532563,1.771122653278549,-0.7570771246767328,1,1,0
0,1,1.0771313783985432,1,1,1,4,4,1,-1.137470505212165,-0.35018748795170074,0,1,0,0,1,1,1,1,1,4,2,1,-0.8988808550831783,17,False,False,False,True,False,False,False,True,True,False,False,True,False,2.4490452852171107,-1.111821828502947,0.3386385517135116,1,0,0
0,0,1.0771313783985432,1,1,0,4,4,1,0.05453625709921346,-0.35018748795170074,0,1,1,0,1,1,1,1,4,2,4,4,-0.8988808550831783,15,True,False,False,False,False,True,False,False,True,False,False,True,False,1.0945771724014506,0.5698957858695921,-0.7570771246767328,1,1,0
0,1,0.24689913207624084,1,1,1,4,4,2,-1.137470505212165,-0.35018748795170074,0,0,0,0,1,1,1,0,4,1,1,5,-0.8988808550831783,13,False,True,False,False,False,False,False,True,True,False,False,False,False,0.3205953936496449,-0.03071764783488606,0.3386385517135116,0,1,0
0,0,0.24689913207624084,0,0,1,4,4,2,1.2465430194105918,-0.35018748795170074,0,1,0,1,1,1,1,0,5,3,4,5,-0.8988808550831783,8,False,False,True,False,False,False,True,False,False,False,True,True,False,-1.8078544979178208,0.8702025027218314,-0.7570771246767328,1,0,0
0,0,0.24689913207624084,1,0,1,4,2,2,1.2465430194105918,-0.35018748795170074,0,1,0,0,1,1,1,0,4,3,3,3,-0.8988808550831783,16,False,True,False,False,False,True,False,False,False,False,True,True,False,1.6750635064653048,0.8702025027218314,-0.7570771246767328,1,0,0
0,0,0.24689913207624084,1,0,1,3,2,1,2.43854978172197,-0.35018748795170074,0,1,0,1,0,1,1,0,5,2,2,5,-0.8988808550831783,18,True,False,False,False,True,False,False,False,False,False,True,False,False,2.4490452852171107,2.9723495206875055,-0.4440155028509486,1,0,0
0,1,1.9073636247208456,0,1,1,2,1,2,1.2465430194105918,1.3781572106486288,0,0,0,1,1,1,1,1,4,3,1,5,-0.8988808550831783,11,False,False,False,False,False,False,True,False,False,False,False,True,False,-0.8403772744780637,0.8702025027218314,-0.7570771246767328,0,1,0
0,1,2.737595871043148,1,0,0,3,2,1,-1.137470505212165,3.106501909248958,0,0,0,1,1,1,0,0,5,5,3,5,-0.8988808550831783,15,False,False,True,False,False,True,False,False,False,False,False,False,True,1.0945771724014506,-1.2319445152438429,-0.7570771246767328,0,1,0
0,1,1.9073636247208456,0,0,1,3,3,1,0.05453625709921346,-0.35018748795170074,0,0,0,1,1,1,0,1,4,5,3,5,-0.8988808550831783,11,False,True,False,False,False,False,True,False,False,False,True,False,False,-0.6468818297901122,-0.6313310815393645,-0.4440155028509486,0,0,0
0,0,1.0771313783985432,1,0,1,1,4,1,0.05453625709921346,-0.35018748795170074,1,1,0,0,0,1,0,1,3,4,4,5,-0.3383968170690111,11,False,True,False,False,False,False,False,True,True,False,False,True,False,-0.6468818297901122,-0.391085708057573,-0.4440155028509486,2,0,2
0,0,1.0771313783985432,1,0,1,2,1,2,0.05453625709921346,-0.35018748795170074,0,1,0,1,1,1,1,0,5,3,3,1,-0.3383968170690111,15,False,False,True,False,False,True,False,False,False,False,False,True,False,0.12709994896169347,-0.03071764783488606,-0.4440155028509486,1,0,2
0,0,0.24689913207624084,1,0,1,2,3,2,0.05453625709921346,-0.35018748795170074,0,0,0,1,1,1,1,1,4,2,1,3,-0.3383968170690111,14,False,True,False,False,False,True,False,False,False,False,False,False,False,-0.06639549572625794,0.5698957858695921,-0.7570771246767328,0,1,2
0,0,0.24689913207624084,0,0,1,4,4,1,-1.137470505212165,-0.35018748795170074,0,0,0,1,1,1,1,0,4,4,4,5,-0.3383968170690111,17,False,False,False,True,False,False,False,True,False,False,False,True,False,1.4815680617773535,-1.111821828502947,-0.7570771246767328,0,1,2
0,0,1.0771313783985432,1,0,1,4,3,1,1.2465430194105918,-0.35018748795170074,0,1,0,1,1,1,1,1,4,3,4,5,-0.3383968170690111,17,False,True,False,False,False,True,False,False,False,False,False,True,False,1.0945771724014506,0.8702025027218314,-0.7570771246767328,1,1,2
0,0,1.0771313783985432,1,1,1,4,3,2,-1.137470505212165,-0.35018748795170074,0,1,0,0,1,1,1,0,3,2,4,1,1.3430552969734904,15,True,False,False,False,False,False,True,False,False,False,False,True,False,0.12709994896169347,-0.6313310815393645,0.18210774080061962,1,0,8
0,0,0.24689913207624084,0,0,1,3,4,1,1.2465430194105918,-0.35018748795170074,0,1,0,1,0,1,1,0,4,3,4,5,-0.3383968170690111,17,False,False,False,False,False,False,True,False,False,False,False,False,False,1.288072617089402,0.8702025027218314,1.277823417190864,1,0,2
0,0,1.0771313783985432,1,0,1,3,3,1,0.05453625709921346,-0.35018748795170074,0,1,0,0,1,1,1,0,4,1,4,3,1.3430552969734904,14,False,False,False,False,False,True,False,False,False,False,False,False,False,-0.06639549572625794,1.771122653278549,-0.7570771246767328,1,1,8
0,1,1.9073636247208456,1,0,1,4,2,2,0.05453625709921346,-0.35018748795170074,0,1,0,1,1,1,1,1,5,4,4,1,1.6232973159805741,10,True,False,False,False,False,True,False,False,False,False,False,True,False,-0.4533863851021608,-0.391085708057573,-0.7570771246767328,1,-1,9
0,0,1.0771313783985432,1,0,1,4,4,1,0.05453625709921346,-0.35018748795170074,0,1,0,0,1,1,1,0,4,4,4,5,-0.8988808550831783,13,False,False,False,True,False,True,False,False,False,False,False,True,False,-0.06639549572625794,-0.391085708057573,1.434354228103756,1,-1,0
0,0,1.0771313783985432,1,0,1,3,4,1,-1.137470505212165,-0.35018748795170074,0,1,0,1,1,1,1,1,5,4,4,1,0.22208722094515607,14,False,True,False,False,False,True,False,False,False,False,False,True,False,-0.06639549572625794,-1.111821828502947,-0.7570771246767328,1,1,4
0,0,0.24689913207624084,1,0,1,4,4,1,-1.137470505212165,-0.35018748795170074,0,0,0,1,1,1,1,0,5,3,4,5,-0.3383968170690111,17,True,False,False,False,True,False,False,False,False,False,False,True,False,1.0945771724014506,-0.9316377983916035,-0.4440155028509486,0,1,2
0,0,0.24689913207624084,1,0,0,4,3,1,0.05453625709921346,-0.35018748795170074,0,1,0,0,1,1,1,1,5,2,2,5,3.024507411015992,17,False,False,True,False,False,False,True,False,False,False,False,True,False,1.0945771724014506,0.5698957858695921,-0.4440155028509486,1,-1,14
0,0,0.24689913207624084,1,1,0,3,3,1,0.05453625709921346,-0.35018748795170074,1,1,0,0,1,1,1,0,5,3,3,5,-0.8988808550831783,13,False,False,True,False,False,True,False,False,True,False,False,True,False,0.12709994896169347,-0.03071764783488606,-0.7570771246767328,2,0,0
0,0,0.24689913207624084,1,1,1,2,1,1,0.05453625709921346,-0.35018748795170074,0,0,0,1,1,1,1,0,4,2,3,2,-0.3383968170690111,14,False,True,False,False,False,True,False,False,True,False,False,False,False,-0.06639549572625794,0.5698957858695921,0.3386385517135116,0,1,2
0,1,1.0771313783985432,1,1,1,4,4,1,-1.137470505212165,-0.35018748795170074,0,1,0,0,1,1,1,0,4,2,5,5,-0.3383968170690111,11,False,True,False,False,False,True,False,False,False,False,True,False,False,-1.2273681638539664,-0.6313310815393645,1.74741584992954,1,1,2
0,0,1.9073636247208456,1,0,1,1,1,3,1.2465430194105918,-0.35018748795170074,0,0,0,1,1,0,0,1,1,5,5,5,2.464023373001825,11,False,True,False,False,False,True,False,False,False,False,False,False,True,-0.6468818297901122,-0.03071764783488606,2.2170082826682163,0,0,12
0,0,1.9073636247208456,1,1,0,1,1,3,0.05453625709921346,3.106501909248958,0,1,0,0,0,1,1,1,5,3,4,4,-0.3383968170690111,9,False,True,False,False,False,True,False,False,False,False,False,False,True,-1.420863608541918,-0.03071764783488606,-0.7570771246767328,1,0,6
0,0,1.0771313783985432,1,0,1,2,2,1,-1.137470505212165,-0.35018748795170074,0,1,0,1,1,1,1,1,4,3,5,5,-0.3383968170690111,10,False,True,False,False,False,True,False,False,False,False,False,True,False,-0.6468818297901122,-0.9316377983916035,0.96476179536508,1,0,2
0,0,0.24689913207624084,1,0,1,2,2,1,0.05453625709921346,-0.35018748795170074,0,1,0,0,1,1,0,1,4,2,2,3,0.22208722094515607,13,False,True,False,False,False,True,False,False,False,False,False,True,False,0.7075862830255477,0.5698957858695921,-0.7570771246767328,1,-1,4
0,0,0.24689913207624084,0,1,1,2,2,1,1.2465430194105918,-0.35018748795170074,0,1,0,1,1,1,1,0,3,3,2,3,-0.8988808550831783,10,False,False,True,False,False,False,True,False,False,False,False,True,False,-0.25989094041420935,0.8702025027218314,0.3386385517135116,1,0,0
0,0,0.24689913207624084,1,0,1,3,1,1,1.2465430194105918,-0.35018748795170074,0,1,0,0,0,1,1,0,3,4,3,5,-0.8988808550831783,17,False,False,True,False,False,False,True,False,False,False,False,False,False,2.255549840529159,0.32965041238780085,0.6517001735392955,1,1,0
0,0,0.24689913207624084,1,1,1,0,2,2,1.2465430194105918,-0.35018748795170074,0,0,0,0,1,1,1,0,3,3,3,2,-0.8988808550831783,15,False,False,False,False,False,False,False,False,True,False,False,False,False,0.9010817277134991,0.8702025027218314,0.6517001735392955,0,0,0
0,0,1.0771313783985432,1,0,1,1,1,2,1.2465430194105918,-0.35018748795170074,0,0,0,1,1,1,1,0,4,5,5,2,-0.8988808550831783,14,False,True,False,False,False,True,False,False,True,False,False,True,False,0.9010817277134991,-0.03071764783488606,-0.4440155028509486,0,0,0
0,1,1.0771313783985432,1,0,1,4,4,1,1.2465430194105918,-0.35018748795170074,0,0,0,1,1,1,1,0,4,3,3,3,-0.8988808550831783,13,False,True,False,False,False,True,False,False,False,False,False,True,False,0.7075862830255477,0.8702025027218314,0.3386385517135116,0,1,0
0,1,0.24689913207624084,1,0,1,3,3,1,-1.137470505212165,-0.35018748795170074,0,0,0,1,0,1,1,0,4,3,5,5,-0.8988808550831783,17,False,True,False,False,False,False,True,False,False,False,True,True,False,2.255549840529159,-0.9316377983916035,2.0604774717553243,0,1,0
0,1,0.24689913207624084,0,0,1,2,2,4,-1.137470505212165,-0.35018748795170074,0,1,0,0,1,1,1,0,4,4,5,4,-0.3383968170690111,10,False,False,True,False,False,True,False,False,False,False,False,True,False,-0.4533863851021608,-1.111821828502947,3.6257855808842447,1,-1,2
0,0,0.24689913207624084,1,0,1,4,4,1,1.2465430194105918,-0.35018748795170074,0,1,0,1,1,1,1,0,5,4,4,4,-0.8988808550831783,13,False,False,False,True,False,False,True,False,False,False,False,True,False,0.3205953936496449,0.32965041238780085,-0.13095388102516461,1,-1,0
0,0,0.24689913207624084,1,0,1,4,4,2,1.2465430194105918,-0.35018748795170074,0,1,0,0,0,1,1,1,4,3,3,4,0.22208722094515607,15,False,False,False,True,False,False,False,True,False,False,False,True,False,1.0945771724014506,0.8702025027218314,-0.4440155028509486,1,-1,4
0,0,0.24689913207624084,1,0,1,3,3,1,-1.137470505212165,-0.35018748795170074,0,1,1,1,1,1,1,0,4,2,5,5,-0.3383968170690111,11,False,False,False,False,False,True,False,False,False,False,False,True,False,-0.06639549572625794,-0.6313310815393645,1.277823417190864,1,1,2
0,1,1.0771313783985432,1,1,1,2,2,1,2.43854978172197,-0.35018748795170074,0,1,1,1,1,1,1,0,4,5,5,5,-0.8988808550831783,12,False,True,False,False,False,True,False,False,False,False,False,True,False,-0.25989094041420935,0.5698957858695921,0.96476179536508,1,0,0
0,1,1.9073636247208456,0,0,1,3,2,1,-1.137470505212165,-0.35018748795170074,0,1,0,0,0,1,0,1,5,3,4,5,-0.8988808550831783,10,False,False,False,False,False,False,True,False,True,False,False,False,True,-0.4533863851021608,-0.9316377983916035,0.3386385517135116,1,-1,0
0,0,1.0771313783985432,1,0,1,2,2,4,0.05453625709921346,-0.35018748795170074,0,0,0,1,1,1,0,1,4,2,5,2,-0.3383968170690111,10,False,False,False,False,False,True,False,False,False,False,False,True,False,-0.8403772744780637,0.5698957858695921,-0.7570771246767328,0,-1,2
0,0,0.24689913207624084,0,0,1,2,4,1,1.2465430194105918,-0.35018748795170074,0,1,0,0,1,1,1,1,4,4,3,5,-0.8988808550831783,15,False,False,False,False,False,True,False,False,False,False,False,False,False,1.288072617089402,0.32965041238780085,-0.7570771246767328,1,0,0
0,1,1.0771313783985432,1,0,1,2,2,1,-1.137470505212165,-0.35018748795170074,0,0,0,0,0,1,1,0,5,4,2,5,0.7825712589593232,15,False,True,False,False,False,True,False,False,False,False,True,True,False,1.0945771724014506,-1.111821828502947,-0.4440155028509486,0,-1,6
0,0,1.0771313783985432,1,0,1,3,3,1,0.05453625709921346,-0.35018748795170074,0,0,0,1,1,1,1,0,5,3,4,4,1.3430552969734904,12,False,False,True,False,False,False,True,False,True,False,False,True,False,-0.4533863851021608,-0.03071764783488606,-0.7570771246767328,0,1,8
0,0,1.0771313783985432,1,1,1,2,2,1,0.05453625709921346,-0.35018748795170074,0,0,0,1,0,1,1,1,4,3,3,2,-0.8988808550831783,12,False,True,False,False,False,True,False,False,True,False,False,False,True,-0.8403772744780637,-0.03071764783488606,-0.7570771246767328,0,-1,0
0,0,1.0771313783985432,0,0,1,2,2,2,2.43854978172197,-0.35018748795170074,0,0,0,1,1,1,0,0,4,4,4,4,0.7825712589593232,14,False,False,False,False,False,True,False,False,False,False,False,True,False,0.7075862830255477,1.0503865328331752,-0.7570771246767328,0,-1,6
0,0,0.24689913207624084,1,0,1,3,4,1,1.2465430194105918,-0.35018748795170074,0,0,0,0,1,1,1,0,4,4,5,5,1.3430552969734904,14,False,False,True,False,False,True,False,False,False,False,False,True,False,0.12709994896169347,0.32965041238780085,-0.13095388102516461,0,2,8
0,0,0.24689913207624084,1,0,1,3,2,1,0.05453625709921346,-0.35018748795170074,0,1,0,0,1,1,1,1,4,3,2,2,-0.8988808550831783,15,False,True,False,False,False,True,False,False,True,False,False,True,False,0.3205953936496449,-0.03071764783488606,0.6517001735392955,1,1,0
0,0,1.0771313783985432,1,1,1,3,3,1,2.43854978172197,-0.35018748795170074,0,1,0,0,1,1,1,0,5,3,3,1,0.22208722094515607,15,False,False,True,False,False,False,True,False,True,False,False,True,False,0.9010817277134991,1.771122653278549,-0.7570771246767328,1,0,4
0,0,0.24689913207624084,0,0,0,3,2,1,0.05453625709921346,-0.35018748795170074,0,1,0,0,1,1,1,0,4,3,3,2,-0.8988808550831783,16,False,True,False,False,False,True,False,False,True,False,False,True,False,0.9010817277134991,-0.03071764783488606,0.6517001735392955,1,0,0
0,1,1.0771313783985432,1,0,1,4,4,1,0.05453625709921346,-0.35018748795170074,0,1,0,1,1,1,1,0,4,3,3,2,-0.8988808550831783,13,False,False,False,True,False,False,True,False,True,False,False,False,False,0.12709994896169347,-0.03071764783488606,0.3386385517135116,1,0,0
0,1,1.0771313783985432,1,1,1,3,4,1,0.05453625709921346,-0.35018748795170074,0,0,0,1,1,1,1,1,4,3,3,5,0.7825712589593232,17,False,False,True,False,False,True,False,False,True,False,False,True,False,1.6750635064653048,-0.03071764783488606,-0.13095388102516461,0,0,6
0,0,1.0771313783985432,1,0,1,2,3,1,1.2465430194105918,-0.35018748795170074,0,1,0,0,1,1,1,0,4,3,3,3,-0.8988808550831783,14,False,False,False,False,False,True,False,False,False,False,False,True,False,-0.06639549572625794,0.8702025027218314,-0.4440155028509486,1,1,0
0,0,1.0771313783985432,1,0,1,3,2,1,1.2465430194105918,-0.35018748795170074,0,0,0,0,1,1,1,1,5,4,3,1,0.22208722094515607,17,False,True,False,False,False,False,True,False,False,True,False,True,False,1.288072617089402,0.32965041238780085,0.6517001735392955,0,2,4
0,1,1.0771313783985432,0,0,1,4,3,1,1.2465430194105918,-0.35018748795170074,0,0,0,0,1,1,1,1,5,3,2,4,0.22208722094515607,17,False,False,False,True,False,False,True,False,False,False,False,True,False,1.0945771724014506,0.8702025027218314,-0.4440155028509486,0,-1,4
0,1,1.0771313783985432,1,0,1,4,3,1,1.2465430194105918,-0.35018748795170074,0,1,0,0,1,1,1,1,5,4,5,5,-0.8988808550831783,14,False,False,False,True,False,True,False,False,False,False,False,True,False,0.7075862830255477,0.32965041238780085,0.6517001735392955,1,-1,0
0,0,0.24689913207624084,1,0,1,4,3,1,1.2465430194105918,-0.35018748795170074,0,1,0,1,1,1,1,1,4,4,3,4,-0.8988808550831783,13,True,False,False,False,False,True,False,False,False,False,True,True,False,-0.06639549572625794,0.32965041238780085,-0.13095388102516461,1,1,0
0,0,0.24689913207624084,1,0,1,2,1,2,0.05453625709921346,-0.35018748795170074,0,1,0,1,1,1,1,1,4,3,4,1,1.9035393349876577,15,False,False,True,False,False,True,False,False,False,False,False,True,False,0.7075862830255477,-0.03071764783488606,0.3386385517135116,1,3,10
0,0,0.24689913207624084,1,0,1,2,1,1,0.05453625709921346,-0.35018748795170074,0,1,0,1,1,1,1,0,4,3,5,4,0.22208722094515607,16,False,False,True,False,False,True,False,False,False,False,True,True,False,0.9010817277134991,-0.03071764783488606,0.96476179536508,1,4,4
0,0,0.24689913207624084,1,0,1,3,1,1,-1.137470505212165,1.3781572106486288,0,1,1,0,1,1,1,1,4,1,2,3,0.7825712589593232,13,False,True,False,False,False,False,False,False,True,False,False,True,False,-0.06639549572625794,-0.03071764783488606,-0.7570771246767328,1,3,12
0,0,3.5678281173654502,1,1,1,4,4,1,1.2465430194105918,3.106501909248958,0,0,1,1,1,1,1,0,3,3,2,5,-0.8988808550831783,12,False,True,False,False,False,True,False,False,False,False,True,False,True,-0.4533863851021608,0.8702025027218314,-0.7570771246767328,0,3,0
0,1,1.0771313783985432,1,1,1,2,2,1,0.05453625709921346,-0.35018748795170074,0,1,0,1,0,0,1,0,4,4,4,3,2.1837813539947413,12,False,False,True,False,False,False,True,False,False,False,True,True,False,-0.6468818297901122,-0.391085708057573,-0.13095388102516461,1,2,11
0,1,1.0771313783985432,1,1,0,3,4,1,0.05453625709921346,-0.35018748795170074,0,0,0,1,1,1,1,1,4,3,5,2,1.6232973159805741,15,False,True,False,False,False,True,False,False,False,False,True,False,True,0.7075862830255477,-0.03071764783488606,0.18210774080061962,0,1,9
0,0,0.24689913207624084,1,0,1,2,2,1,0.05453625709921346,-0.35018748795170074,0,1,0,1,1,1,1,0,4,3,4,4,-0.8988808550831783,17,False,False,True,False,False,False,True,False,False,False,True,True,False,1.288072617089402,-0.03071764783488606,-0.13095388102516461,1,4,0
0,1,0.24689913207624084,1,1,0,4,4,1,1.2465430194105918,-0.35018748795170074,0,1,0,0,1,1,1,0,4,4,2,4,-0.3383968170690111,15,True,False,False,False,False,True,False,False,False,False,True,True,False,0.7075862830255477,0.32965041238780085,-0.4440155028509486,1,3,2
0,0,1.0771313783985432,1,1,1,4,2,1,0.05453625709921346,-0.35018748795170074,0,1,0,1,1,1,1,0,4,2,2,3,-0.8988808550831783,17,False,False,False,True,False,True,False,False,False,False,False,True,False,1.4815680617773535,0.5698957858695921,-0.7570771246767328,1,3,0
0,0,2.737595871043148,0,0,1,1,1,2,1.2465430194105918,-0.35018748795170074,0,0,0,0,1,1,1,1,3,2,2,3,1.3430552969734904,15,False,True,False,False,False,True,False,False,False,False,True,False,True,0.5140908383375963,1.771122653278549,-0.13095388102516461,0,4,8
0,0,1.9073636247208456,1,0,1,4,4,1,-1.137470505212165,1.3781572106486288,0,1,0,0,1,1,1,1,3,2,5,5,0.5023292399522397,11,False,False,False,True,False,True,False,False,True,False,False,False,True,-0.8403772744780637,-0.6313310815393645,2.5300699044940003,1,1,10
0,1,0.24689913207624084,1,1,0,3,2,1,0.05453625709921346,-0.35018748795170074,0,1,0,0,1,1,1,0,4,4,4,5,1.9035393349876577,18,False,True,False,False,False,True,False,False,False,False,True,True,False,2.0620543958412076,-0.391085708057573,-0.4440155028509486,1,2,10
0,0,1.0771313783985432,1,0,1,3,2,1,1.2465430194105918,-0.35018748795170074,0,1,0,0,1,1,1,1,4,3,4,2,0.5023292399522397,17,False,False,False,False,False,True,False,False,False,False,True,False,False,1.4815680617773535,0.8702025027218314,-0.4440155028509486,1,3,5
0,1,1.0771313783985432,0,0,1,2,3,1,-1.137470505212165,-0.35018748795170074,0,0,0,0,1,1,1,0,3,1,3,4,2.7442653920089084,14,False,True,False,False,False,False,True,False,False,False,True,False,False,0.7075862830255477,-0.03071764783488606,2.8431315263197843,0,1,13
0,1,1.9073636247208456,1,0,1,2,1,1,-1.137470505212165,-0.35018748795170074,0,0,0,0,1,1,1,0,5,3,4,4,1.9035393349876577,11,False,True,False,False,False,True,False,False,False,False,True,True,False,-1.033872719166015,-0.9316377983916035,0.18210774080061962,0,4,10
0,0,1.0771313783985432,1,1,0,2,2,2,0.05453625709921346,-0.35018748795170074,0,1,0,0,1,1,1,0,4,1,4,4,1.9035393349876577,17,False,False,True,False,False,True,False,False,False,False,True,True,False,1.4815680617773535,1.771122653278549,-0.13095388102516461,1,3,10
0,0,2.737595871043148,1,0,1,1,0,2,-1.137470505212165,1.3781572106486288,1,0,0,0,1,1,1,1,5,3,1,5,0.5023292399522397,10,False,True,False,False,False,True,False,False,False,False,True,True,False,-1.033872719166015,-0.9316377983916035,-0.7570771246767328,1,2,10
0,0,1.0771313783985432,1,0,1,3,2,1,0.05453625709921346,-0.35018748795170074,0,1,0,1,0,1,1,1,3,1,2,1,0.22208722094515607,13,False,False,True,False,False,True,False,False,True,False,False,True,False,-0.06639549572625794,1.771122653278549,-0.4440155028509486,1,3,4
1,0,-0.5833331142460615,1,0,1,1,3,2,-1.137470505212165,-0.35018748795170074,0,1,0,0,1,0,1,1,4,3,3,5,2.1837813539947413,11,False,False,False,False,False,True,False,False,False,True,False,False,False,-0.4533863851021608,-0.9316377983916035,-0.13095388102516461,1,1,11
1,0,-0.5833331142460615,0,0,1,2,2,2,0.05453625709921346,-0.35018748795170074,0,1,0,1,1,1,1,0,4,4,4,5,-0.8988808550831783,12,False,True,False,False,False,True,False,False,False,False,False,True,False,0.12709994896169347,-0.391085708057573,-0.7570771246767328,1,0,0
1,0,-1.413565360568364,0,0,1,1,1,1,-1.137470505212165,1.3781572106486288,0,1,0,0,1,1,0,1,4,1,3,2,0.7825712589593232,10,False,False,False,False,False,False,True,False,False,True,False,True,False,-0.6468818297901122,-0.03071764783488606,-0.7570771246767328,1,0,12
1,0,-1.413565360568364,0,0,1,3,3,2,-1.137470505212165,-0.35018748795170074,0,1,0,0,1,1,1,0,5,4,4,5,0.22208722094515607,11,False,False,False,False,False,True,False,False,False,False,False,True,False,-0.6468818297901122,-1.111821828502947,0.6517001735392955,1,0,4
1,0,-0.5833331142460615,0,0,1,2,3,2,0.05453625709921346,-0.35018748795170074,0,0,0,0,1,1,0,0,4,5,2,5,-0.8988808550831783,17,False,False,False,False,False,False,True,False,False,False,False,True,False,1.8685589511532563,-0.6313310815393645,-0.4440155028509486,0,1,0
1,0,-1.413565360568364,0,1,1,2,1,2,-1.137470505212165,-0.35018748795170074,0,0,0,0,1,0,0,0,1,3,4,1,-0.8988808550831783,9,False,False,False,False,False,True,False,False,True,False,False,True,False,-1.8078544979178208,-0.9316377983916035,-0.7570771246767328,0,2,0
1,1,-0.5833331142460615,0,1,0,4,4,1,0.05453625709921346,-0.35018748795170074,0,1,0,0,1,1,0,0,5,3,2,2,0.5023292399522397,11,False,False,False,False,False,True,False,False,True,False,False,True,False,-0.4533863851021608,-0.03071764783488606,-0.13095388102516461,1,1,5
1,1,-0.5833331142460615,1,0,0,1,2,1,1.2465430194105918,-0.35018748795170074,1,0,0,0,1,1,1,0,4,4,3,5,-0.8988808550831783,11,False,True,False,False,False,True,False,False,False,True,False,True,False,-0.4533863851021608,0.32965041238780085,-0.7570771246767328,1,1,0
1,0,0.24689913207624084,0,0,1,3,2,1,0.05453625709921346,1.3781572106486288,0,0,0,0,1,1,0,1,4,5,4,5,-0.8988808550831783,10,False,False,False,False,False,True,False,False,False,False,False,False,False,-0.6468818297901122,-0.6313310815393645,-0.4440155028509486,0,0,0
1,0,0.24689913207624084,0,0,1,1,1,1,-1.137470505212165,1.3781572106486288,0,1,0,0,0,0,1,0,5,4,4,5,-0.8988808550831783,7,False,True,False,False,False,True,False,False,False,True,False,False,False,-2.1948453872937237,-1.111821828502947,0.3386385517135116,1,0,0
1,0,-1.413565360568364,0,0,1,4,4,2,-1.137470505212165,-0.35018748795170074,0,0,0,0,1,1,1,1,1,5,1,5,-0.8988808550831783,14,False,False,False,True,False,True,False,False,False,False,False,True,False,0.7075862830255477,-1.2319445152438429,2.0604774717553243,0,1,0
1,0,-0.5833331142460615,1,1,0,2,2,2,2.43854978172197,-0.35018748795170074,0,0,0,1,0,0,0,1,1,2,1,1,0.22208722094515607,11,False,False,False,False,False,True,False,False,False,False,True,True,False,-0.8403772744780637,2.9723495206875055,-0.7570771246767328,0,-1,4
1,0,-1.413565360568364,0,1,1,1,1,2,0.05453625709921346,-0.35018748795170074,0,1,0,0,1,1,1,0,5,4,3,4,-0.8988808550831783,10,False,False,False,False,False,False,True,False,False,False,True,False,False,-0.6468818297901122,-0.391085708057573,-0.4440155028509486,1,0,0
1,0,-1.413565360568364,0,1,1,1,1,2,-1.137470505212165,1.3781572106486288,0,1,0,0,1,1,1,1,4,4,3,2,0.22208722094515607,8,False,True,False,False,False,False,True,False,False,False,False,True,False,-2.0013499426057724,-1.111821828502947,-0.4440155028509486,1,1,8
1,0,-0.5833331142460615,0,0,1,0,2,2,-1.137470505212165,-0.35018748795170074,0,1,0,1,1,1,0,0,3,2,3,2,-0.8988808550831783,12,False,True,False,False,False,True,False,False,False,True,False,True,False,-0.06639549572625794,-0.6313310815393645,-0.4440155028509486,1,-1,0
1,0,0.24689913207624084,0,0,1,2,3,2,-1.137470505212165,-0.35018748795170074,0,1,0,0,1,1,1,0,5,5,5,3,-0.3383968170690111,12,False,True,False,False,False,True,False,False,False,False,False,True,False,-0.4533863851021608,-1.2319445152438429,-0.13095388102516461,1,1,2
1,0,-1.413565360568364,0,0,1,3,3,2,-1.137470505212165,-0.35018748795170074,0,0,0,0,0,1,1,0,4,1,3,4,-0.8988808550831783,16,False,True,False,False,False,False,True,False,False,False,False,False,False,1.288072617089402,-0.03071764783488606,-0.7570771246767328,0,2,0
1,1,0.24689913207624084,1,0,1,1,1,1,0.05453625709921346,-0.35018748795170074,0,0,1,0,0,1,1,0,4,4,3,5,0.22208722094515607,9,False,True,False,False,False,True,False,False,True,False,False,True,False,-1.2273681638539664,-0.391085708057573,0.96476179536508,0,1,4
1,1,-1.413565360568364,0,1,1,4,1,1,0.05453625709921346,-0.35018748795170074,0,1,0,1,1,1,1,0,5,3,4,2,-0.8988808550831783,14,True,False,False,False,False,False,True,False,False,False,True,False,False,0.3205953936496449,-0.03071764783488606,-0.4440155028509486,1,1,0
1,1,-1.413565360568364,0,1,1,4,1,1,0.05453625709921346,-0.35018748795170074,0,1,0,1,1,1,1,0,5,3,4,2,1.0628132779664068,8,True,False,False,False,False,False,True,False,False,False,True,False,False,-1.420863608541918,-0.03071764783488606,-0.4440155028509486,1,2,7
1,1,-0.5833331142460615,0,0,1,3,4,3,0.05453625709921346,-0.35018748795170074,0,0,0,0,0,1,0,0,3,4,5,5,0.22208722094515607,11,False,True,False,False,True,False,False,False,False,True,False,True,False,-0.8403772744780637,-0.391085708057573,-0.4440155028509486,0,1,4
1,1,-1.413565360568364,0,0,1,1,1,4,0.05453625709921346,-0.35018748795170074,0,1,0,1,1,1,0,1,5,4,5,4,1.3430552969734904,9,False,True,False,False,False,True,False,False,False,False,False,True,False,-1.420863608541918,-0.391085708057573,0.96476179536508,1,2,8
1,1,-1.413565360568364,1,1,1,3,3,1,0.05453625709921346,-0.35018748795170074,0,1,0,1,1,1,1,0,5,3,3,5,-0.8988808550831783,11,False,False,False,False,False,False,False,False,False,False,True,False,False,-0.25989094041420935,-0.03071764783488606,-0.7570771246767328,1,0,0
1,1,0.24689913207624084,0,0,1,2,1,3,-1.137470505212165,-0.35018748795170074,0,0,0,1,1,0,0,1,5,5,5,3,1.3430552969734904,9,False,True,False,False,False,True,False,False,False,True,False,True,False,-1.033872719166015,-1.2319445152438429,3.6257855808842447,0,2,8
1,0,-0.5833331142460615,0,0,1,4,4,2,1.2465430194105918,-0.35018748795170074,0,0,0,1,1,1,1,1,4,2,2,4,0.7825712589593232,17,False,False,False,True,False,False,False,True,False,False,False,True,False,1.6750635064653048,1.771122653278549,-0.7570771246767328,0,0,6
1,0,-1.413565360568364,0,0,1,1,2,2,-1.137470505212165,-0.35018748795170074,0,0,0,0,1,1,0,0,5,1,2,1,-0.05815479806192752,13,False,True,False,False,False,False,True,False,False,False,False,True,False,0.12709994896169347,-0.03071764783488606,-0.7570771246767328,0,2,3
1,0,-0.5833331142460615,0,0,1,2,3,3,0.05453625709921346,-0.35018748795170074,0,1,0,0,1,1,1,0,4,5,4,1,-0.3383968170690111,15,False,True,False,False,False,False,True,False,False,False,False,True,False,1.288072617089402,-0.6313310815393645,-0.4440155028509486,1,0,2
1,1,-0.5833331142460615,0,0,1,1,2,2,0.05453625709921346,-0.35018748795170074,0,0,0,0,1,1,0,0,4,3,3,5,-0.8988808550831783,11,False,True,False,False,False,True,False,False,False,False,False,False,False,-0.4533863851021608,-0.03071764783488606,-0.7570771246767328,0,1,0
1,0,-0.5833331142460615,0,0,1,2,2,3,0.05453625709921346,-0.35018748795170074,0,1,0,0,1,1,1,0,4,4,5,4,0.22208722094515607,11,False,True,False,False,False,True,False,False,False,False,False,True,False,-0.8403772744780637,-0.391085708057573,-0.7570771246767328,1,1,4
1,0,-0.5833331142460615,1,0,1,1,2,1,1.2465430194105918,1.3781572106486288,0,1,0,0,1,1,0,0,1,3,2,4,-0.8988808550831783,8,False,True,False,False,False,False,True,False,False,False,False,True,False,-1.033872719166015,0.8702025027218314,-0.4440155028509486,1,-2,0
1,0,-0.5833331142460615,1,0,1,1,2,1,1.2465430194105918,1.3781572106486288,0,1,0,0,1,1,0,0,1,3,2,4,-0.05815479806192752,8,False,True,False,False,False,False,True,False,False,False,False,True,False,-1.2273681638539664,0.8702025027218314,-0.4440155028509486,1,-1,6
1,0,-1.413565360568364,1,0,1,2,1,1,0.05453625709921346,-0.35018748795170074,1,1,0,0,0,1,1,0,4,4,2,2,-0.8988808550831783,9,False,False,False,False,False,True,False,False,True,False,False,True,False,-0.8403772744780637,-0.391085708057573,1.434354228103756,2,1,0
1,0,-0.5833331142460615,1,0,1,1,1,1,0.05453625709921346,-0.35018748795170074,0,1,0,0,0,1,0,1,5,4,3,2,-0.8988808550831783,15,False,False,False,False,False,True,False,False,False,False,False,False,False,0.7075862830255477,-0.391085708057573,0.02557692988772737,1,1,0
1,1,0.24689913207624084,0,1,1,1,2,1,-1.137470505212165,-0.35018748795170074,0,1,0,1,1,1,1,0,5,5,5,3,0.22208722094515607,11,False,False,False,False,False,False,True,False,False,False,True,True,False,-0.4533863851021608,-1.2319445152438429,3.6257855808842447,1,1,4
1,0,-0.5833331142460615,0,0,1,1,1,4,2.43854978172197,-0.35018748795170074,0,1,0,0,0,1,1,0,4,3,2,1,-0.8988808550831783,13,False,True,False,False,False,True,False,False,True,False,False,False,False,-0.06639549572625794,1.771122653278549,-0.7570771246767328,1,-3,0
1,0,-0.5833331142460615,0,0,1,1,1,4,1.2465430194105918,-0.35018748795170074,1,1,0,0,1,1,0,0,4,4,3,5,-0.3383968170690111,10,False,False,False,False,False,True,False,False,False,True,False,False,False,-0.8403772744780637,0.32965041238780085,-0.7570771246767328,2,-1,2
1,0,-1.413565360568364,0,0,1,1,1,2,0.05453625709921346,-0.35018748795170074,0,1,0,1,1,1,1,0,4,3,3,2,-0.6186388360760947,11,False,False,False,False,False,True,False,False,True,False,False,False,False,-0.4533863851021608,-0.03071764783488606,-0.7570771246767328,1,-1,1
1,0,-0.5833331142460615,0,0,1,1,1,2,-1.137470505212165,-0.35018748795170074,0,0,0,1,1,1,1,1,4,2,2,2,-0.8988808550831783,14,False,False,False,False,False,True,False,False,False,True,False,True,False,0.3205953936496449,-0.6313310815393645,2.2170082826682163,0,-1,0
1,0,-1.413565360568364,0,0,1,1,1,3,0.05453625709921346,-0.35018748795170074,0,1,0,0,1,1,0,0,4,2,1,2,-0.8988808550831783,14,False,False,False,False,False,False,False,False,False,False,False,False,False,0.7075862830255477,0.5698957858695921,-0.4440155028509486,1,1,0
1,0,-1.413565360568364,0,1,1,2,2,1,1.2465430194105918,-0.35018748795170074,1,1,0,0,1,1,0,0,4,4,3,5,-0.3383968170690111,12,False,True,False,False,False,True,False,False,False,True,False,False,False,0.3205953936496449,0.32965041238780085,0.3386385517135116,2,-3,2
1,1,-0.5833331142460615,0,0,1,1,1,2,-1.137470505212165,-0.35018748795170074,0,0,0,1,1,1,0,0,3,4,4,5,0.7825712589593232,11,False,False,False,False,False,True,False,False,False,True,False,False,False,-0.25989094041420935,-1.111821828502947,1.74741584992954,0,0,6
1,0,1.0771313783985432,1,0,1,1,2,1,0.05453625709921346,1.3781572106486288,0,1,0,1,1,1,1,1,3,4,4,5,1.6232973159805741,8,False,True,False,False,False,True,False,False,False,False,False,False,False,-1.2273681638539664,-0.391085708057573,0.6517001735392955,1,-1,18
1,1,-1.413565360568364,1,0,1,3,1,2,-1.137470505212165,-0.35018748795170074,0,1,0,0,1,1,0,0,3,2,3,4,-0.8988808550831783,11,False,True,False,False,False,False,True,False,True,False,False,True,False,-0.8403772744780637,-0.6313310815393645,-0.13095388102516461,1,-1,0
1,0,-0.5833331142460615,0,0,1,2,2,3,0.05453625709921346,-0.35018748795170074,0,1,0,1,1,1,1,0,5,3,4,2,-0.6186388360760947,14,False,True,False,False,False,False,True,False,False,False,False,False,False,0.7075862830255477,-0.03071764783488606,-0.7570771246767328,1,-1,1
1,1,-1.413565360568364,1,0,1,2,2,3,-1.137470505212165,-0.35018748795170074,0,0,0,0,1,1,0,0,4,3,3,4,-0.6186388360760947,13,True,False,False,False,False,True,False,False,False,False,True,True,False,0.3205953936496449,-0.9316377983916035,-0.4440155028509486,0,-1,1
1,1,-0.5833331142460615,1,0,1,4,4,1,0.05453625709921346,-0.35018748795170074,0,1,0,1,1,1,0,1,4,3,1,3,-0.8988808550831783,13,False,True,False,False,False,False,False,True,False,False,False,False,False,0.3205953936496449,-0.03071764783488606,-0.7570771246767328,1,-1,0
1,0,-1.413565360568364,0,0,1,3,3,1,0.05453625709921346,-0.35018748795170074,0,1,0,0,1,1,1,1,4,5,4,1,0.22208722094515607,12,False,False,True,False,False,True,False,False,False,False,True,True,False,0.3205953936496449,-0.6313310815393645,-0.7570771246767328,1,-1,4
1,0,-0.5833331142460615,0,0,1,2,2,2,0.05453625709921346,1.3781572106486288,0,1,0,1,0,1,0,0,4,4,4,5,-0.3383968170690111,12,False,False,False,False,False,True,False,False,False,False,False,True,False,-0.06639549572625794,-0.391085708057573,0.6517001735392955,1,-1,4
1,0,-0.5833331142460615,0,1,1,2,2,3,-1.137470505212165,-0.35018748795170074,0,1,0,1,1,1,0,1,4,3,2,4,-0.8988808550831783,16,False,True,False,False,False,True,False,False,True,False,False,False,False,0.9010817277134991,-0.9316377983916035,-0.7570771246767328,1,0,0
1,1,-0.5833331142460615,1,1,1,2,1,2,-1.137470505212165,-0.35018748795170074,0,1,0,1,1,1,1,0,2,4,3,4,0.22208722094515607,10,False,False,False,False,False,False,True,False,False,False,False,True,False,-1.033872719166015,-1.111821828502947,0.6517001735392955,1,-2,4
1,1,-1.413565360568364,0,1,1,1,3,3,-1.137470505212165,-0.35018748795170074,0,1,0,1,1,1,1,0,4,2,4,3,-0.3383968170690111,11,False,False,False,False,False,True,False,False,False,False,True,False,False,-0.4533863851021608,-0.6313310815393645,2.0604774717553243,1,1,2
1,0,-1.413565360568364,1,0,1,2,2,2,1.2465430194105918,-0.35018748795170074,0,1,0,1,1,1,0,0,5,3,2,4,-0.8988808550831783,14,False,True,False,False,False,False,True,False,False,False,False,True,False,0.3205953936496449,0.8702025027218314,-0.7570771246767328,1,1,0
1,0,-0.5833331142460615,0,1,1,2,1,1,-1.137470505212165,-0.35018748795170074,0,1,0,0,1,1,1,1,5,4,3,5,-0.3383968170690111,8,False,True,False,False,False,True,False,False,True,False,False,True,False,-1.033872719166015,-1.111821828502947,-0.7570771246767328,1,-2,2
1,1,-1.413565360568364,1,0,1,3,3,2,-1.137470505212165,-0.35018748795170074,0,1,0,1,0,1,1,0,4,3,3,3,2.1837813539947413,11,False,False,True,False,False,False,True,False,False,False,False,False,False,-0.25989094041420935,-0.9316377983916035,0.96476179536508,1,-2,11
1,0,-0.5833331142460615,0,0,1,1,1,2,0.05453625709921346,4.834846607849287,1,1,0,0,1,1,0,0,3,4,3,1,-0.8988808550831783,8,False,False,False,False,False,True,False,False,False,False,False,False,False,-1.8078544979178208,-0.391085708057573,-0.7570771246767328,2,0,0
1,0,0.24689913207624084,1,0,1,2,2,1,-1.137470505212165,-0.35018748795170074,0,1,0,1,1,0,0,0,4,5,3,5,0.22208722094515607,10,False,True,False,False,False,False,False,False,False,False,False,True,False,-1.033872719166015,-1.2319445152438429,-0.7570771246767328,1,0,4
1,0,1.9073636247208456,1,0,1,2,3,1,-1.137470505212165,1.3781572106486288,0,0,0,0,1,0,1,1,4,4,4,2,-0.8988808550831783,10,False,False,False,False,False,False,True,False,False,False,False,False,True,-1.033872719166015,-1.111821828502947,-0.7570771246767328,0,0,0
1,0,0.24689913207624084,0,0,1,2,1,3,-1.137470505212165,-0.35018748795170074,0,1,0,1,1,0,0,1,5,5,3,3,-0.3383968170690111,11,False,False,False,False,False,True,False,False,False,False,False,True,False,-0.8403772744780637,-1.2319445152438429,-0.7570771246767328,1,1,2
1,0,-1.413565360568364,0,1,1,1,1,2,-1.137470505212165,-0.35018748795170074,0,1,0,0,1,0,0,1,5,2,1,4,-0.8988808550831783,9,False,False,False,False,False,True,False,False,False,False,False,True,False,-0.8403772744780637,-0.6313310815393645,-0.13095388102516461,1,1,0
1,0,-0.5833331142460615,0,0,1,2,2,3,0.05453625709921346,-0.35018748795170074,0,1,0,0,1,0,1,0,3,4,5,1,-0.6186388360760947,11,False,True,False,False,False,True,False,False,False,False,False,False,False,-0.8403772744780637,-0.391085708057573,-0.4440155028509486,1,1,1
1,0,-0.5833331142460615,1,1,0,2,2,1,-1.137470505212165,-0.35018748795170074,0,1,0,0,1,0,0,0,4,3,4,1,0.7825712589593232,8,False,True,False,False,False,True,False,False,True,False,False,True,False,-1.8078544979178208,-0.9316377983916035,-0.4440155028509486,1,0,6
1,0,0.24689913207624084,0,0,1,2,2,2,0.05453625709921346,-0.35018748795170074,0,1,0,0,1,1,1,0,4,3,5,4,-0.8988808550831783,11,False,False,False,False,False,True,False,False,False,False,False,True,False,-0.4533863851021608,-0.03071764783488606,-0.4440155028509486,1,-1,0
1,0,-0.5833331142460615,1,0,1,2,2,1,-1.137470505212165,1.3781572106486288,0,1,1,1,0,1,1,0,4,4,3,3,-0.6186388360760947,10,False,True,False,False,False,False,True,False,False,False,False,False,False,-0.8403772744780637,-1.111821828502947,0.18210774080061962,1,1,2
1,0,1.0771313783985432,0,1,0,3,2,2,1.2465430194105918,3.106501909248958,0,1,0,0,0,0,0,1,3,3,2,2,0.7825712589593232,10,False,True,False,False,False,True,False,False,False,False,False,False,True,-1.420863608541918,0.8702025027218314,-0.7570771246767328,1,2,18
1,0,1.9073636247208456,1,0,1,1,1,1,1.2465430194105918,1.3781572106486288,0,0,0,1,1,0,0,1,5,3,1,3,0.7825712589593232,9,False,False,False,False,False,False,True,False,False,False,False,True,False,-1.420863608541918,0.8702025027218314,-0.7570771246767328,0,2,12
1,1,1.0771313783985432,0,0,1,1,1,2,-1.137470505212165,1.3781572106486288,0,0,0,1,1,0,1,0,4,4,3,4,-0.8988808550831783,10,False,True,False,False,False,True,False,False,True,False,False,True,False,-1.2273681638539664,-1.111821828502947,1.74741584992954,0,1,0
1,0,1.0771313783985432,0,0,1,1,1,2,-1.137470505212165,1.3781572106486288,0,0,0,0,0,0,1,1,3,2,3,2,0.22208722094515607,10,False,False,False,False,False,False,False,False,False,False,False,True,False,-0.6468818297901122,-0.6313310815393645,-0.7570771246767328,0,2,8
1,0,1.9073636247208456,1,0,1,1,1,2,0.05453625709921346,1.3781572106486288,0,1,0,0,1,1,1,1,1,1,4,1,2.464023373001825,9,False,True,False,False,False,True,False,False,False,False,False,False,True,-1.6143590532298693,1.771122653278549,1.590885039016648,1,1,24
1,0,-0.5833331142460615,0,0,0,2,2,1,0.05453625709921346,-0.35018748795170074,0,0,0,0,0,1,0,1,3,3,2,3,-0.3383968170690111,10,True,False,False,False,False,True,False,False,False,False,False,True,False,-1.033872719166015,-0.03071764783488606,-0.7570771246767328,0,2,2
1,0,0.24689913207624084,1,0,1,0,1,2,-1.137470505212165,-0.35018748795170074,0,0,0,1,0,1,0,0,2,4,4,5,0.5023292399522397,10,False,True,False,False,False,False,False,False,False,False,False,False,False,-1.033872719166015,-1.111821828502947,2.0604774717553243,0,0,5
1,0,-0.5833331142460615,0,1,1,1,2,1,0.05453625709921346,-0.35018748795170074,0,0,0,1,1,0,1,0,4,4,5,3,-0.8988808550831783,9,False,False,False,False,False,True,False,False,False,False,False,True,False,-1.2273681638539664,-0.391085708057573,-0.13095388102516461,0,1,0
1,0,-0.5833331142460615,1,0,1,3,3,1,-1.137470505212165,-0.35018748795170074,0,0,0,1,1,0,1,1,4,5,4,4,-0.8988808550831783,13,False,True,False,False,False,True,False,False,False,False,True,True,False,0.7075862830255477,-1.2319445152438429,-0.7570771246767328,0,-1,0
1,0,-0.5833331142460615,0,1,1,1,1,1,-1.137470505212165,-0.35018748795170074,0,1,0,1,1,1,1,1,4,4,4,4,-0.3383968170690111,14,False,False,True,False,False,False,True,False,True,False,False,True,False,0.9010817277134991,-1.111821828502947,0.3386385517135116,1,0,2
1,1,0.24689913207624084,1,0,1,3,3,2,2.43854978172197,1.3781572106486288,0,1,1,1,1,1,0,0,5,4,5,5,-0.8988808550831783,10,False,False,True,False,False,False,False,False,False,False,False,True,False,-0.4533863851021608,1.0503865328331752,1.74741584992954,1,1,0
1,0,-0.5833331142460615,1,0,1,2,1,1,0.05453625709921346,-0.35018748795170074,0,1,0,1,1,1,1,0,5,3,3,1,-0.8988808550831783,14,False,True,False,False,False,False,True,False,False,False,False,True,False,0.7075862830255477,-0.03071764783488606,-0.7570771246767328,1,-1,0
1,0,-0.5833331142460615,1,0,1,2,2,1,-1.137470505212165,-0.35018748795170074,0,1,1,1,1,1,0,1,4,2,5,5,-0.8988808550831783,16,False,False,True,False,False,True,False,False,False,False,False,True,False,1.8685589511532563,-0.6313310815393645,-0.4440155028509486,1,-1,0
1,1,0.24689913207624084,1,0,1,1,2,1,-1.137470505212165,1.3781572106486288,0,1,0,1,1,0,1,1,5,3,5,1,2.464023373001825,7,False,True,False,False,False,True,False,False,False,False,False,False,False,-2.0013499426057724,-0.9316377983916035,3.6257855808842447,1,1,24
1,1,-0.5833331142460615,1,1,1,4,3,1,-1.137470505212165,-0.35018748795170074,0,0,0,1,1,1,1,0,4,2,5,5,1.3430552969734904,13,False,True,False,False,False,True,False,False,False,False,False,False,False,0.5140908383375963,-0.6313310815393645,0.4951693626264036,0,-2,8
1,1,0.24689913207624084,0,1,1,2,2,3,2.43854978172197,1.3781572106486288,0,1,0,0,1,1,0,0,1,3,5,3,-0.3383968170690111,9,False,False,True,False,False,False,True,False,False,True,False,True,False,-1.033872719166015,1.771122653278549,2.0604774717553243,1,-2,4
1,0,-0.5833331142460615,1,0,1,1,1,1,2.43854978172197,-0.35018748795170074,1,1,0,1,1,1,1,0,2,2,1,5,-0.8988808550831783,14,False,True,False,False,False,True,False,False,False,False,False,False,True,0.9010817277134991,2.9723495206875055,-0.7570771246767328,2,0,0
1,0,1.9073636247208456,1,1,1,2,2,1,1.2465430194105918,-0.35018748795170074,0,0,0,0,1,1,1,1,5,4,5,1,-0.8988808550831783,13,False,True,False,False,False,True,False,False,True,False,False,True,False,0.3205953936496449,0.32965041238780085,-0.7570771246767328,0,1,0
1,0,0.24689913207624084,0,0,1,1,1,2,-1.137470505212165,-0.35018748795170074,0,1,0,1,0,1,1,1,4,4,5,5,-0.8988808550831783,11,False,False,False,False,False,True,False,False,False,False,True,True,False,-0.25989094041420935,-1.111821828502947,-0.4440155028509486,1,0,0
1,0,2.737595871043148,1,0,1,3,3,2,0.05453625709921346,1.3781572106486288,0,0,0,1,1,1,1,1,3,3,4,3,1.3430552969734904,10,False,False,False,False,False,False,True,False,False,True,False,True,False,-0.6468818297901122,-0.03071764783488606,0.96476179536508,0,-2,16
1,0,0.24689913207624084,1,1,1,1,1,1,1.2465430194105918,-0.35018748795170074,0,1,0,0,1,1,0,1,4,3,3,3,-0.8988808550831783,10,False,True,False,False,False,False,True,False,False,False,False,False,False,-0.25989094041420935,0.8702025027218314,-0.7570771246767328,1,0,0
1,1,0.24689913207624084,0,0,1,2,2,3,-1.137470505212165,1.3781572106486288,0,1,0,0,0,1,1,0,4,4,5,5,-0.8988808550831783,9,False,True,False,False,False,True,False,False,False,False,False,True,False,-0.8403772744780637,-1.111821828502947,-0.4440155028509486,1,-1,0
1,0,-0.5833331142460615,0,1,1,1,1,3,0.05453625709921346,-0.35018748795170074,0,1,0,0,1,1,0,0,5,3,2,1,-0.8988808550831783,18,False,False,False,False,False,True,False,False,False,False,False,False,False,1.8685589511532563,-0.03071764783488606,-0.7570771246767328,1,1,0
1,0,0.24689913207624084,0,0,1,2,2,2,0.05453625709921346,-0.35018748795170074,0,1,0,1,1,1,0,0,5,3,2,1,-0.8988808550831783,17,False,True,False,False,False,True,False,False,False,False,True,True,False,1.6750635064653048,-0.03071764783488606,-0.7570771246767328,1,2,0
1,0,0.24689913207624084,1,0,0,1,0,2,0.05453625709921346,-0.35018748795170074,0,0,0,0,1,1,1,1,4,4,5,4,-0.6186388360760947,10,False,True,False,False,False,True,False,False,False,True,False,True,False,-0.6468818297901122,-0.391085708057573,-0.7570771246767328,0,-2,1
1,0,1.0771313783985432,0,0,1,1,1,1,0.05453625709921346,1.3781572106486288,0,1,0,0,1,1,1,1,4,3,2,5,1.6232973159805741,7,False,False,False,False,False,True,False,False,False,True,False,True,False,-1.8078544979178208,-0.03071764783488606,-0.7570771246767328,1,0,18
1,0,-0.5833331142460615,1,0,1,3,1,1,-1.137470505212165,-0.35018748795170074,0,0,0,1,1,1,1,0,3,1,3,1,-0.8988808550831783,8,False,True,False,False,False,True,False,False,False,False,False,True,False,-1.8078544979178208,-0.03071764783488606,-0.13095388102516461,0,-2,0
1,0,-0.5833331142460615,1,0,1,3,2,1,-1.137470505212165,-0.35018748795170074,0,0,0,0,1,1,1,0,3,1,3,3,-0.3383968170690111,7,False,False,True,False,False,False,False,False,False,False,False,True,False,-2.0013499426057724,-0.03071764783488606,0.18210774080061962,0,-1,2
1,0,1.0771313783985432,1,1,1,1,1,2,0.05453625709921346,-0.35018748795170074,1,0,0,0,1,1,0,0,2,3,5,3,1.3430552969734904,10,False,True,False,False,False,False,False,False,False,False,True,True,False,-1.2273681638539664,-0.03071764783488606,0.18210774080061962,1,-1,8
1,0,-0.5833331142460615,0,0,1,4,4,1,0.05453625709921346,-0.35018748795170074,0,0,0,1,0,1,1,1,4,3,3,2,-0.8988808550831783,16,True,False,False,False,False,False,False,True,False,False,True,False,False,1.288072617089402,-0.03071764783488606,0.6517001735392955,0,2,0
1,0,-0.5833331142460615,0,1,1,1,2,2,-1.137470505212165,-0.35018748795170074,0,0,0,1,1,1,1,0,5,4,5,2,-0.8988808550831783,15,False,True,False,False,False,True,False,False,False,False,True,True,False,0.9010817277134991,-1.111821828502947,0.18210774080061962,0,0,0
1,0,1.0771313783985432,1,0,0,2,4,1,0.05453625709921346,1.3781572106486288,0,1,0,0,1,1,1,0,2,3,2,1,1.3430552969734904,8,False,True,False,False,False,False,True,False,False,False,True,False,False,-2.0013499426057724,-0.03071764783488606,-0.13095388102516461,1,-3,16
1,0,-0.5833331142460615,1,1,1,1,1,3,0.05453625709921346,-0.35018748795170074,0,1,0,0,1,1,1,0,4,3,2,5,0.7825712589593232,8,False,False,False,False,False,True,False,False,False,True,False,True,False,-1.8078544979178208,-0.03071764783488606,-0.13095388102516461,1,2,6
1,0,-0.5833331142460615,0,0,1,2,3,2,0.05453625709921346,-0.35018748795170074,0,1,0,1,1,1,1,0,3,3,3,2,-0.8988808550831783,10,False,False,False,False,False,False,True,False,False,True,False,True,False,-1.033872719166015,-0.03071764783488606,-0.7570771246767328,1,2,0
1,0,-0.5833331142460615,1,0,1,4,4,1,0.05453625709921346,-0.35018748795170074,0,1,0,0,1,1,1,1,4,3,4,3,0.22208722094515607,8,True,False,False,False,True,False,False,False,False,False,False,True,False,-1.420863608541918,-0.03071764783488606,-0.4440155028509486,1,0,4
1,1,1.0771313783985432,1,1,1,4,4,1,2.43854978172197,-0.35018748795170074,0,1,0,1,1,0,1,1,5,5,5,5,-0.3383968170690111,6,False,False,False,False,True,False,False,False,True,False,False,True,False,-2.388340831981675,0.5698957858695921,3.6257855808842447,1,1,2
1,0,-0.5833331142460615,0,1,1,3,4,3,0.05453625709921346,-0.35018748795170074,0,1,0,0,0,1,0,0,4,2,1,2,-0.3383968170690111,8,False,False,False,False,False,True,False,False,False,True,False,True,False,-1.420863608541918,0.5698957858695921,-0.7570771246767328,1,2,2
1,1,0.24689913207624084,1,1,1,4,4,1,1.2465430194105918,-0.35018748795170074,0,1,0,0,1,1,1,0,4,4,3,5,-0.8988808550831783,16,False,True,False,False,False,False,True,False,True,False,False,True,False,1.0945771724014506,0.32965041238780085,-0.4440155028509486,1,-1,0
1,0,0.24689913207624084,0,0,1,4,1,1,-1.137470505212165,-0.35018748795170074,0,0,0,0,1,1,1,1,4,2,3,5,-0.6186388360760947,14,False,True,False,False,False,True,False,False,False,True,False,True,False,0.7075862830255477,-0.6313310815393645,-0.4440155028509486,0,1,1
1,1,-0.5833331142460615,1,1,1,2,2,4,1.2465430194105918,-0.35018748795170074,0,0,0,0,1,1,0,0,5,1,3,3,-0.8988808550831783,10,False,False,True,False,False,False,True,False,False,True,False,True,False,-0.8403772744780637,3.572962954391984,0.3386385517135116,0,-1,0
1,0,0.24689913207624084,0,0,1,2,2,1,-1.137470505212165,-0.35018748795170074,0,1,1,0,1,1,1,0,5,1,3,5,0.5023292399522397,9,False,False,False,False,False,True,False,False,False,True,False,True,False,-1.033872719166015,-0.03071764783488606,-0.4440155028509486,1,0,5
1,0,-0.5833331142460615,1,1,1,4,4,2,-1.137470505212165,-0.35018748795170074,0,1,0,0,1,1,0,0,5,1,3,5,-0.6186388360760947,11,False,False,True,False,False,False,True,False,False,True,False,False,False,-0.25989094041420935,-0.03071764783488606,-0.4440155028509486,1,0,1
1,1,0.24689913207624084,1,0,1,3,3,1,-1.137470505212165,-0.35018748795170074,0,1,0,1,1,1,1,0,4,1,4,3,1.3430552969734904,9,False,False,True,False,False,False,True,False,True,False,False,True,False,-1.2273681638539664,-0.03071764783488606,3.6257855808842447,1,3,8
1,1,0.24689913207624084,1,0,1,1,1,3,0.05453625709921346,-0.35018748795170074,0,0,0,0,1,1,1,1,5,1,3,1,-0.8988808550831783,10,False,False,False,False,False,False,True,False,False,True,False,True,False,-0.6468818297901122,1.771122653278549,1.434354228103756,0,0,0
1,1,-0.5833331142460615,1,0,1,2,1,2,0.05453625709921346,-0.35018748795170074,0,0,0,0,0,1,1,1,4,2,2,5,-0.3383968170690111,8,True,False,False,False,False,False,True,False,False,True,False,True,False,-1.420863608541918,0.5698957858695921,0.18210774080061962,0,-2,2
1,0,-0.5833331142460615,1,1,1,2,1,1,0.05453625709921346,-0.35018748795170074,0,0,0,0,1,1,1,1,3,2,2,3,-0.8988808550831783,16,False,True,False,False,False,False,True,False,False,True,False,True,False,1.0945771724014506,0.5698957858695921,-0.7570771246767328,0,1,0
1,1,-0.5833331142460615,1,1,1,4,4,1,-1.137470505212165,-0.35018748795170074,0,1,0,0,1,1,1,0,4,1,2,5,-0.8988808550831783,12,False,False,False,True,True,False,False,False,False,True,False,False,False,-0.06639549572625794,-0.03071764783488606,1.277823417190864,1,1,0
1,1,-1.413565360568364,0,0,1,1,2,3,0.05453625709921346,-0.35018748795170074,0,1,0,1,1,1,0,0,5,5,5,5,2.1837813539947413,10,False,True,False,False,False,False,True,False,False,False,False,True,False,-0.6468818297901122,-0.6313310815393645,-0.13095388102516461,1,2,11
1,1,-1.413565360568364,1,1,0,2,2,3,2.43854978172197,-0.35018748795170074,0,1,0,1,1,1,0,0,5,4,5,5,1.3430552969734904,14,False,True,False,False,False,True,False,False,False,False,True,True,False,0.7075862830255477,1.0503865328331752,0.6517001735392955,1,1,8
1,1,-1.413565360568364,1,1,0,2,1,1,-1.137470505212165,-0.35018748795170074,0,0,0,1,1,1,1,0,4,3,3,5,2.1837813539947413,12,False,False,True,False,False,False,True,False,False,False,False,True,False,0.3205953936496449,-0.9316377983916035,-0.4440155028509486,0,1,11
1,0,-0.5833331142460615,0,1,1,2,2,1,1.2465430194105918,-0.35018748795170074,0,1,0,0,0,1,0,1,4,3,3,5,-0.3383968170690111,11,False,True,False,False,False,True,False,False,False,False,False,True,False,-0.25989094041420935,0.8702025027218314,0.3386385517135116,1,0,2
1,0,-0.5833331142460615,1,1,1,4,1,2,0.05453625709921346,-0.35018748795170074,0,1,0,1,1,1,1,0,1,2,4,1,1.3430552969734904,10,False,True,False,False,False,True,False,False,True,False,False,True,False,-0.8403772744780637,0.5698957858695921,0.3386385517135116,1,1,8
1,0,0.24689913207624084,1,0,1,3,2,2,-1.137470505212165,-0.35018748795170074,0,0,0,0,1,1,0,1,4,3,3,1,0.5023292399522397,11,False,False,False,False,False,True,False,False,True,False,False,True,False,-0.6468818297901122,-0.9316377983916035,0.3386385517135116,0,2,5
1,0,0.24689913207624084,0,0,1,2,2,2,0.05453625709921346,-0.35018748795170074,1,0,1,0,1,1,0,0,5,1,3,5,-0.8988808550831783,11,False,True,False,False,False,True,False,False,False,True,False,True,False,-0.6468818297901122,1.771122653278549,-0.7570771246767328,1,-2,0
1,0,-0.5833331142460615,1,0,1,4,4,2,1.2465430194105918,-0.35018748795170074,0,1,0,0,1,1,1,1,5,3,5,5,-0.6186388360760947,12,False,False,False,True,False,False,True,False,False,False,False,True,False,-0.4533863851021608,0.8702025027218314,0.18210774080061962,1,1,1
1,1,0.24689913207624084,0,0,1,4,4,3,-1.137470505212165,4.834846607849287,0,0,0,1,1,1,1,1,3,3,3,5,-0.3383968170690111,8,True,False,False,False,False,True,False,False,False,False,False,False,False,-1.033872719166015,-0.9316377983916035,-0.13095388102516461,0,0,8
1,1,0.24689913207624084,0,1,1,1,3,2,-1.137470505212165,-0.35018748795170074,0,0,0,1,1,1,0,1,5,1,2,5,-0.3383968170690111,12,False,True,False,False,False,True,False,False,False,False,False,False,False,-0.06639549572625794,-0.03071764783488606,1.434354228103756,0,-1,2
1,1,0.24689913207624084,1,0,1,3,4,1,0.05453625709921346,1.3781572106486288,0,1,0,1,0,1,1,1,5,4,4,5,1.3430552969734904,8,False,False,True,False,False,True,False,False,False,True,False,True,False,-1.2273681638539664,-0.391085708057573,1.74741584992954,1,1,16
1,0,0.24689913207624084,1,0,1,4,4,1,0.05453625709921346,-0.35018748795170074,0,1,0,0,1,1,1,0,5,2,5,5,-0.8988808550831783,16,True,False,False,False,True,False,False,False,False,False,False,False,False,0.9010817277134991,0.5698957858695921,-0.7570771246767328,1,2,0
1,1,-0.5833331142460615,0,1,1,4,1,1,-1.137470505212165,-0.35018748795170074,0,0,0,0,1,1,1,0,4,1,2,2,-0.8988808550831783,11,False,True,False,False,False,False,False,False,False,True,False,False,False,-0.4533863851021608,-0.03071764783488606,0.02557692988772737,0,1,0
1,0,0.24689913207624084,1,0,0,1,1,1,0.05453625709921346,-0.35018748795170074,0,0,0,1,1,1,1,1,4,5,5,3,-0.3383968170690111,11,False,False,False,False,False,False,False,False,False,True,False,True,False,-0.4533863851021608,-0.6313310815393645,-0.4440155028509486,0,-1,2
1,0,0.24689913207624084,0,0,1,4,2,2,0.05453625709921346,-0.35018748795170074,1,1,0,0,0,1,1,0,4,3,3,5,-0.8988808550831783,18,False,True,False,False,False,True,False,False,False,False,False,True,False,2.255549840529159,-0.03071764783488606,0.6517001735392955,2,1,0
1,1,-0.5833331142460615,1,1,0,2,2,2,0.05453625709921346,-0.35018748795170074,0,1,0,0,0,1,1,1,4,1,2,5,-0.8988808550831783,13,False,True,False,False,False,False,True,False,False,False,False,False,False,0.3205953936496449,1.771122653278549,0.3386385517135116,1,1,0
1,1,0.24689913207624084,1,0,1,3,2,2,0.05453625709921346,-0.35018748795170074,0,1,1,0,1,1,1,0,4,1,2,1,-0.8988808550831783,13,False,True,False,False,False,True,False,False,False,True,False,False,False,0.7075862830255477,1.771122653278549,0.3386385517135116,1,1,0
1,1,1.9073636247208456,1,0,1,1,1,1,0.05453625709921346,3.106501909248958,0,1,0,1,1,0,1,0,4,4,3,4,-0.3383968170690111,10,False,True,False,False,False,True,False,False,False,True,False,True,False,-1.033872719166015,-0.391085708057573,1.74741584992954,1,0,6
1,1,0.24689913207624084,1,1,0,1,0,1,-1.137470505212165,-0.35018748795170074,0,0,0,0,1,1,0,1,4,1,2,5,0.22208722094515607,12,False,True,False,False,False,True,False,False,True,False,False,True,False,-0.25989094041420935,-0.03071764783488606,-0.7570771246767328,0,0,4
1,0,0.24689913207624084,0,0,1,1,1,2,-1.137470505212165,-0.35018748795170074,0,1,0,1,1,0,1,1,3,5,5,4,-0.05815479806192752,10,False,False,False,False,False,False,False,False,False,False,False,False,False,-0.4533863851021608,-1.2319445152438429,0.3386385517135116,1,1,3
1,0,-0.5833331142460615,0,0,1,1,2,1,1.2465430194105918,-0.35018748795170074,1,1,0,0,0,1,1,1,4,3,4,3,0.5023292399522397,13,False,True,False,False,False,True,False,False,True,False,False,False,False,0.7075862830255477,0.8702025027218314,-0.7570771246767328,2,1,5
1,1,-0.5833331142460615,0,1,1,1,2,1,-1.137470505212165,-0.35018748795170074,0,0,0,0,1,1,0,0,4,4,4,5,0.22208722094515607,11,False,True,False,False,False,False,False,False,False,False,False,True,False,-0.8403772744780637,-1.111821828502947,0.96476179536508,0,1,4
1,0,0.24689913207624084,0,0,1,3,1,2,0.05453625709921346,4.834846607849287,0,1,0,1,0,1,1,1,5,4,4,5,-0.3383968170690111,10,False,True,False,False,False,True,False,False,False,False,False,True,False,-1.420863608541918,-0.391085708057573,-0.7570771246767328,1,2,8
1,1,0.24689913207624084,0,0,1,2,2,2,-1.137470505212165,-0.35018748795170074,0,0,0,1,1,0,0,1,5,5,5,5,-0.8988808550831783,10,False,True,False,False,False,True,False,False,False,False,False,True,False,-0.4533863851021608,-1.2319445152438429,2.0604774717553243,0,5,0
1,1,1.0771313783985432,0,0,1,1,0,3,-1.137470505212165,1.3781572106486288,1,1,0,0,1,1,0,0,4,3,2,4,-0.8988808550831783,13,False,False,False,False,False,False,False,False,False,False,False,False,True,0.12709994896169347,-0.9316377983916035,-0.7570771246767328,2,0,0
1,1,0.24689913207624084,0,0,1,1,1,2,-1.137470505212165,-0.35018748795170074,0,1,0,1,0,1,1,1,4,5,5,2,-0.8988808550831783,10,False,True,False,False,False,False,True,False,False,False,False,True,False,-0.8403772744780637,-1.2319445152438429,-0.13095388102516461,1,-1,0
1,1,1.0771313783985432,1,1,1,1,1,2,0.05453625709921346,-0.35018748795170074,0,1,0,1,1,1,0,0,4,3,3,5,0.7825712589593232,10,False,False,False,False,False,False,False,False,False,False,False,True,False,-0.8403772744780637,-0.03071764783488606,0.18210774080061962,1,-1,6
1,0,-0.5833331142460615,0,1,1,2,2,1,0.05453625709921346,-0.35018748795170074,0,0,0,1,1,1,0,1,5,4,3,1,-0.8988808550831783,12,False,True,False,False,False,False,True,False,False,False,False,False,False,0.12709994896169347,-0.391085708057573,-0.7570771246767328,0,2,0
1,1,-0.5833331142460615,0,0,1,3,2,2,-1.137470505212165,-0.35018748795170074,0,0,0,0,1,1,1,0,4,5,5,5,-0.3383968170690111,10,False,False,True,False,False,True,False,False,False,False,False,False,False,-0.6468818297901122,-1.2319445152438429,0.6517001735392955,0,-2,2
1,1,-0.5833331142460615,0,1,1,1,1,2,-1.137470505212165,-0.35018748795170074,0,0,0,1,1,1,1,0,4,5,5,5,-0.8988808550831783,9,False,False,False,False,False,True,False,False,False,False,False,True,False,-0.6468818297901122,-1.2319445152438429,0.96476179536508,0,0,0
1,1,1.0771313783985432,0,0,1,1,1,2,-1.137470505212165,1.3781572106486288,0,1,0,0,1,0,1,1,5,3,3,5,-0.3383968170690111,9,False,False,True,False,False,True,False,False,False,False,False,False,True,-1.420863608541918,-0.9316377983916035,0.6517001735392955,1,-2,4
1,1,1.9073636247208456,1,0,1,3,2,2,-1.137470505212165,4.834846607849287,0,0,0,1,1,1,0,0,3,2,1,3,0.22208722094515607,9,False,False,False,False,False,False,True,False,False,False,False,True,False,-1.2273681638539664,-0.6313310815393645,-0.7570771246767328,0,5,16
1,1,1.0771313783985432,1,0,1,3,3,1,0.05453625709921346,3.106501909248958,0,1,0,1,1,0,1,0,4,4,5,3,1.6232973159805741,8,False,False,False,False,False,False,False,False,False,False,False,True,False,-2.1948453872937237,-0.391085708057573,-0.13095388102516461,1,4,27
1,1,-0.5833331142460615,0,0,1,2,2,2,-1.137470505212165,-0.35018748795170074,0,1,0,1,1,1,1,1,5,4,3,4,0.7825712589593232,8,False,False,True,False,False,False,True,False,False,False,False,True,False,-1.6143590532298693,-1.111821828502947,0.96476179536508,1,1,6
1,1,1.9073636247208456,1,0,1,2,1,2,-1.137470505212165,4.834846607849287,0,0,0,1,0,0,1,1,4,4,3,5,0.22208722094515607,9,False,False,False,False,False,True,False,False,False,False,False,False,True,-1.2273681638539664,-1.111821828502947,-0.13095388102516461,0,1,16
1,0,-0.5833331142460615,1,0,0,3,2,2,0.05453625709921346,3.106501909248958,0,1,0,1,1,1,0,1,2,5,5,1,1.3430552969734904,7,False,False,True,False,False,False,False,False,False,False,False,True,False,-2.5818362766696263,-0.6313310815393645,-0.7570771246767328,1,0,24
1,0,0.24689913207624084,1,0,1,1,1,1,-1.137470505212165,-0.35018748795170074,0,1,0,1,1,1,0,0,4,3,2,5,1.6232973159805741,10,False,True,False,False,False,False,False,False,False,False,False,True,False,-1.420863608541918,-0.9316377983916035,-0.4440155028509486,1,2,9
1,1,2.737595871043148,0,0,1,1,1,2,-1.137470505212165,1.3781572106486288,0,1,0,0,1,0,1,1,4,4,3,4,2.464023373001825,10,False,True,False,False,False,True,False,False,False,False,False,False,True,-0.8403772744780637,-1.111821828502947,0.96476179536508,1,3,24
1,0,1.0771313783985432,0,0,0,4,3,1,-1.137470505212165,-0.35018748795170074,0,1,0,0,1,1,1,0,5,4,4,2,1.3430552969734904,10,False,False,True,False,False,False,True,False,False,False,False,True,False,-0.4533863851021608,-1.111821828502947,1.74741584992954,1,1,8
1,1,1.0771313783985432,0,0,1,3,2,2,-1.137470505212165,-0.35018748795170074,0,1,0,0,0,1,1,0,2,5,5,5,1.3430552969734904,11,False,True,False,False,False,True,False,False,False,False,False,True,False,-0.8403772744780637,-1.2319445152438429,3.6257855808842447,1,1,8
1,1,1.9073636247208456,0,0,1,1,1,3,0.05453625709921346,1.3781572106486288,0,0,0,0,1,1,1,0,5,4,4,2,1.3430552969734904,11,False,True,False,False,False,False,True,False,True,False,False,False,True,-0.8403772744780637,-0.391085708057573,1.434354228103756,0,-1,16
1,1,0.24689913207624084,1,0,1,3,3,2,0.05453625709921346,1.3781572106486288,0,1,0,0,1,1,1,0,4,5,4,3,0.22208722094515607,10,True,False,False,False,False,True,False,False,False,False,False,True,False,-1.2273681638539664,-0.6313310815393645,0.6517001735392955,1,1,8
1,1,1.0771313783985432,1,1,1,1,3,1,-1.137470505212165,-0.35018748795170074,0,0,0,0,1,0,1,1,4,3,3,3,-0.8988808550831783,9,False,False,False,False,False,False,True,False,False,False,False,True,False,-0.8403772744780637,-0.9316377983916035,0.6517001735392955,0,1,0
1,1,1.9073636247208456,0,0,1,1,1,3,-1.137470505212165,1.3781572106486288,0,1,0,0,1,1,1,0,4,4,4,5,0.22208722094515607,10,False,True,False,False,False,True,False,False,True,False,False,False,True,-1.2273681638539664,-1.111821828502947,1.434354228103756,1,1,8
1,0,1.0771313783985432,1,0,0,1,2,2,0.05453625709921346,3.106501909248958,0,1,0,0,1,1,0,0,4,3,3,5,-0.3383968170690111,8,False,False,False,False,False,True,False,False,False,False,False,True,False,-1.8078544979178208,-0.03071764783488606,-0.7570771246767328,1,2,6
1,0,1.9073636247208456,1,1,0,1,1,1,-1.137470505212165,-0.35018748795170074,0,1,0,0,1,0,0,0,1,4,4,5,-0.8988808550831783,7,False,False,False,False,False,True,False,False,False,False,False,True,False,-1.8078544979178208,-1.111821828502947,-0.7570771246767328,1,2,0
1,0,0.24689913207624084,0,0,1,0,0,2,-1.137470505212165,-0.35018748795170074,0,1,0,0,1,1,1,0,4,4,3,5,-0.8988808550831783,11,False,False,False,False,False,True,False,False,False,False,False,True,False,-0.4533863851021608,-1.111821828502947,-0.7570771246767328,1,1,0
1,0,0.24689913207624084,0,1,0,3,1,2,1.2465430194105918,-0.35018748795170074,0,1,1,0,1,0,0,0,4,2,3,3,0.5023292399522397,8,False,True,False,False,False,False,False,False,False,False,False,False,True,-1.6143590532298693,1.771122653278549,0.3386385517135116,1,-1,5
1,0,1.0771313783985432,0,1,1,2,2,1,0.05453625709921346,1.3781572106486288,0,1,0,1,1,1,1,0,2,3,3,4,-0.05815479806192752,8,False,False,True,False,False,False,True,False,False,False,False,True,False,-2.0013499426057724,-0.03071764783488606,-0.4440155028509486,1,-1,6
1,0,0.24689913207624084,1,0,1,4,1,1,-1.137470505212165,-0.35018748795170074,0,1,0,0,1,1,0,1,3,2,2,5,-0.8988808550831783,9,True,False,False,False,False,False,False,False,False,False,False,True,False,-1.033872719166015,-0.6313310815393645,-0.7570771246767328,1,2,0
1,0,0.24689913207624084,1,1,1,1,2,1,-1.137470505212165,-0.35018748795170074,0,0,0,0,1,1,1,0,5,5,1,3,-0.8988808550831783,10,False,False,False,False,False,True,False,False,False,False,False,False,False,-1.2273681638539664,-1.2319445152438429,-0.7570771246767328,0,3,0
1,0,1.0771313783985432,1,0,1,1,1,3,0.05453625709921346,3.106501909248958,0,0,0,1,1,1,0,1,3,4,4,5,-0.05815479806192752,7,False,True,False,False,False,True,False,False,False,False,False,True,False,-1.6143590532298693,-0.391085708057573,0.3386385517135116,0,1,9
1,0,1.0771313783985432,1,0,1,2,2,2,0.05453625709921346,-0.35018748795170074,0,0,0,1,0,1,1,0,4,3,5,1,-0.3383968170690111,14,False,False,True,False,False,False,False,False,False,False,True,False,False,0.3205953936496449,-0.03071764783488606,-0.7570771246767328,0,1,2
1,0,0.24689913207624084,1,0,1,3,3,2,-1.137470505212165,-0.35018748795170074,0,1,0,0,1,1,1,0,4,4,3,4,-0.8988808550831783,13,False,False,True,False,False,False,True,False,False,False,False,True,False,-0.06639549572625794,-1.111821828502947,-0.7570771246767328,1,1,0
1,0,1.0771313783985432,1,1,0,1,2,2,0.05453625709921346,-0.35018748795170074,0,0,0,0,1,1,1,0,4,4,3,4,-0.8988808550831783,14,False,False,False,False,False,True,False,False,False,False,True,True,False,0.3205953936496449,-0.391085708057573,-0.4440155028509486,0,1,0
1,0,1.0771313783985432,1,0,1,4,4,2,0.05453625709921346,-0.35018748795170074,0,0,0,1,0,1,1,0,4,3,5,1,-0.8988808550831783,18,False,False,False,True,False,False,False,True,False,False,True,True,False,2.4490452852171107,-0.03071764783488606,-0.4440155028509486,0,0,0
1,1,1.0771313783985432,1,1,1,4,4,1,-1.137470505212165,-0.35018748795170074,0,1,0,1,1,1,1,0,5,4,5,5,-0.05815479806192752,17,False,False,True,False,False,True,False,False,False,False,True,True,False,2.0620543958412076,-1.111821828502947,-0.7570771246767328,1,0,3
1,0,0.24689913207624084,1,0,1,4,2,2,0.05453625709921346,-0.35018748795170074,0,1,0,0,1,1,1,0,4,3,3,4,-0.8988808550831783,18,False,True,False,False,False,True,False,False,False,False,False,True,False,2.255549840529159,-0.03071764783488606,-0.4440155028509486,1,1,0
1,1,1.0771313783985432,1,1,1,1,2,2,-1.137470505212165,-0.35018748795170074,0,1,0,0,0,1,0,0,4,1,4,1,1.3430552969734904,11,False,False,False,False,False,False,True,False,True,False,False,True,False,-0.4533863851021608,-0.03071764783488606,3.6257855808842447,1,1,8
1,1,1.0771313783985432,0,0,1,4,4,3,-1.137470505212165,-0.35018748795170074,0,1,1,1,1,1,1,1,2,5,5,1,0.5023292399522397,14,False,False,False,False,False,False,True,False,False,True,False,True,False,0.3205953936496449,-1.2319445152438429,-0.7570771246767328,1,1,5
1,1,0.24689913207624084,0,0,1,1,1,3,-1.137470505212165,-0.35018748795170074,0,0,0,0,0,0,0,0,4,2,3,4,0.22208722094515607,14,False,True,False,False,False,False,True,False,False,True,False,False,False,0.3205953936496449,-0.6313310815393645,1.74741584992954,0,1,4
1,0,1.0771313783985432,1,0,1,2,2,2,0.05453625709921346,-0.35018748795170074,0,1,0,0,0,1,1,1,1,3,1,2,0.22208722094515607,10,False,True,False,False,False,True,False,False,False,False,False,True,False,-1.420863608541918,-0.03071764783488606,-0.7570771246767328,1,0,4
1,0,1.0771313783985432,1,1,1,2,2,2,1.2465430194105918,-0.35018748795170074,0,0,0,0,1,1,1,1,5,4,5,3,-0.8988808550831783,13,False,False,True,False,False,False,True,False,False,False,False,False,False,-0.06639549572625794,0.32965041238780085,0.18210774080061962,0,1,0
1,0,1.0771313783985432,1,0,1,1,1,3,0.05453625709921346,1.3781572106486288,0,0,0,0,1,0,0,0,4,4,2,2,-0.3383968170690111,10,False,False,False,False,False,False,True,False,False,False,False,True,False,-0.8403772744780637,-0.391085708057573,-0.4440155028509486,0,1,4
1,0,0.24689913207624084,1,0,1,4,2,2,2.43854978172197,-0.35018748795170074,0,0,0,0,1,1,1,1,4,2,3,5,-0.8988808550831783,18,False,False,False,True,False,True,False,False,False,False,False,False,False,2.4490452852171107,2.9723495206875055,0.8082309844521876,0,0,0
1,0,0.24689913207624084,0,1,0,2,1,2,0.05453625709921346,-0.35018748795170074,0,0,0,1,1,1,1,1,5,3,3,2,0.5023292399522397,12,False,False,True,False,False,True,False,False,False,False,True,True,False,-0.25989094041420935,-0.03071764783488606,-0.4440155028509486,0,0,5
1,0,1.0771313783985432,1,1,0,1,1,1,0.05453625709921346,-0.35018748795170074,0,0,0,0,1,1,0,1,5,2,3,3,-0.3383968170690111,11,False,False,False,False,False,False,True,False,False,False,False,True,False,-1.033872719166015,0.5698957858695921,-0.4440155028509486,0,2,2
1,0,1.0771313783985432,1,0,1,1,2,2,0.05453625709921346,-0.35018748795170074,0,1,0,0,1,0,0,0,4,1,1,4,-0.8988808550831783,12,False,False,False,False,False,False,False,False,False,False,False,False,False,-0.25989094041420935,1.771122653278549,-0.7570771246767328,1,0,0
1,0,1.0771313783985432,0,0,1,2,2,2,1.2465430194105918,-0.35018748795170074,0,0,0,0,1,1,1,1,4,2,1,4,0.5023292399522397,15,False,False,True,False,False,True,False,False,True,False,False,True,False,0.9010817277134991,1.771122653278549,-0.7570771246767328,0,0,5
1,1,0.24689913207624084,0,0,1,4,3,2,0.05453625709921346,1.3781572106486288,0,1,1,1,0,1,1,1,4,5,5,2,0.22208722094515607,11,False,False,True,False,False,True,False,False,True,False,False,True,False,-0.4533863851021608,-0.6313310815393645,-0.13095388102516461,1,1,8
1,0,1.0771313783985432,1,0,1,3,3,1,0.05453625709921346,-0.35018748795170074,0,1,0,0,1,1,0,1,5,3,4,5,-0.8988808550831783,10,False,False,True,False,False,False,True,False,False,False,False,False,False,-0.6468818297901122,-0.03071764783488606,-0.7570771246767328,1,0,0
1,0,0.24689913207624084,0,0,1,4,4,2,0.05453625709921346,-0.35018748795170074,0,1,1,1,1,1,1,0,4,3,3,5,-0.3383968170690111,12,False,False,False,True,False,False,True,False,False,True,False,False,False,0.12709994896169347,-0.03071764783488606,-0.4440155028509486,1,0,2
1,0,0.24689913207624084,1,1,0,3,2,2,0.05453625709921346,-0.35018748795170074,0,0,0,0,1,1,0,1,1,2,3,5,-0.8988808550831783,15,False,False,True,False,False,True,False,False,False,False,True,True,False,1.0945771724014506,0.5698957858695921,-0.4440155028509486,0,-1,0
1,1,1.0771313783985432,1,1,1,1,1,2,-1.137470505212165,-0.35018748795170074,0,0,0,0,0,1,1,1,3,3,2,3,-0.3383968170690111,14,False,True,False,False,False,False,True,False,True,False,False,False,False,0.7075862830255477,-0.9316377983916035,-0.4440155028509486,0,-1,2
1,0,1.0771313783985432,1,1,1,1,1,2,1.2465430194105918,-0.35018748795170074,0,0,0,0,1,1,1,0,5,3,2,4,-0.8988808550831783,18,False,False,False,False,False,False,True,False,False,False,False,False,False,2.4490452852171107,0.8702025027218314,-0.7570771246767328,0,-2,0
1,0,1.0771313783985432,0,1,0,1,2,3,0.05453625709921346,-0.35018748795170074,0,0,0,0,1,1,0,1,4,3,4,5,-0.8988808550831783,15,False,False,False,False,False,True,False,False,False,False,False,True,False,1.4815680617773535,-0.03071764783488606,0.18210774080061962,0,-1,0
1,0,1.0771313783985432,1,0,1,3,3,2,0.05453625709921346,-0.35018748795170074,0,1,0,0,1,1,1,1,4,3,2,3,0.7825712589593232,13,False,False,True,False,False,False,True,False,False,True,False,True,False,0.3205953936496449,-0.03071764783488606,-0.13095388102516461,1,-1,6
1,0,0.24689913207624084,1,1,1,4,4,1,0.05453625709921346,-0.35018748795170074,0,1,0,1,1,1,1,1,2,3,4,1,0.22208722094515607,15,False,False,False,False,False,False,False,False,False,False,False,True,False,1.0945771724014506,-0.03071764783488606,-0.7570771246767328,1,-1,4
1,0,0.24689913207624084,0,0,1,1,2,2,0.05453625709921346,-0.35018748795170074,0,0,0,0,0,1,0,0,3,2,2,3,-0.8988808550831783,13,False,True,False,False,False,False,True,False,False,False,False,False,False,0.5140908383375963,0.5698957858695921,-0.4440155028509486,0,0,0
1,1,1.0771313783985432,0,0,1,1,3,2,0.05453625709921346,-0.35018748795170074,0,1,1,0,1,1,0,0,3,3,4,3,-0.8988808550831783,9,False,False,False,False,False,True,False,False,False,False,False,True,False,-1.033872719166015,-0.03071764783488606,0.96476179536508,1,2,0
1,1,1.0771313783985432,1,1,1,4,4,2,1.2465430194105918,-0.35018748795170074,0,0,0,0,1,1,1,1,4,2,2,5,-0.8988808550831783,16,False,False,False,True,False,False,True,False,False,True,False,True,False,1.4815680617773535,1.771122653278549,0.3386385517135116,0,1,0
1,0,0.24689913207624084,0,0,1,1,1,3,-1.137470505212165,1.3781572106486288,0,1,0,0,1,1,1,1,5,2,1,1,-0.8988808550831783,9,False,True,False,False,False,False,True,False,False,False,True,True,False,-1.420863608541918,-0.6313310815393645,-0.4440155028509486,1,0,0
1,0,1.0771313783985432,1,0,1,2,3,2,-1.137470505212165,-0.35018748795170074,0,1,0,0,1,1,1,1,5,2,3,4,-0.8988808550831783,10,False,False,False,False,False,False,True,False,False,False,False,False,False,-0.6468818297901122,-0.6313310815393645,-0.4440155028509486,1,0,0
1,1,1.0771313783985432,0,1,1,1,2,3,-1.137470505212165,-0.35018748795170074,0,1,0,1,1,0,1,1,4,3,3,3,-0.05815479806192752,10,False,False,False,False,False,False,True,False,False,True,False,False,False,-0.8403772744780637,-0.9316377983916035,0.6517001735392955,1,1,3
1,0,0.24689913207624084,1,0,1,2,2,1,1.2465430194105918,-0.35018748795170074,0,0,0,1,1,1,0,1,3,4,3,3,1.3430552969734904,12,False,True,False,False,False,False,False,False,True,False,False,True,False,-0.4533863851021608,0.32965041238780085,-0.7570771246767328,0,1,8
1,0,0.24689913207624084,0,0,1,1,2,1,-1.137470505212165,-0.35018748795170074,0,0,0,1,1,1,1,0,3,5,5,1,0.22208722094515607,9,False,True,False,False,False,True,False,False,False,False,False,True,False,-1.6143590532298693,-1.2319445152438429,-0.13095388102516461,0,1,4
1,0,1.0771313783985432,0,1,1,4,4,2,1.2465430194105918,-0.35018748795170074,0,0,0,0,1,1,1,0,5,4,4,1,-0.8988808550831783,17,False,True,False,False,False,True,False,False,False,False,True,True,False,1.6750635064653048,0.32965041238780085,-0.7570771246767328,0,2,0
1,0,1.0771313783985432,0,0,1,1,1,4,1.2465430194105918,-0.35018748795170074,0,0,0,0,1,1,1,0,4,3,2,4,0.22208722094515607,12,False,True,False,False,False,True,False,False,True,False,False,True,False,-0.4533863851021608,0.8702025027218314,-0.4440155028509486,0,1,4
1,0,1.9073636247208456,0,0,1,1,1,2,0.05453625709921346,1.3781572106486288,0,1,0,0,1,1,1,1,4,3,3,3,0.22208722094515607,9,False,False,False,False,False,True,False,False,False,False,False,False,True,-1.6143590532298693,-0.03071764783488606,-0.7570771246767328,1,1,8
1,0,1.0771313783985432,0,1,1,4,4,1,0.05453625709921346,-0.35018748795170074,0,0,0,1,1,1,1,0,5,4,3,2,-0.6186388360760947,14,False,False,False,True,False,False,True,False,False,False,False,True,False,0.7075862830255477,-0.391085708057573,1.74741584992954,0,1,1
1,0,1.0771313783985432,1,0,1,3,3,1,0.05453625709921346,-0.35018748795170074,0,0,0,0,1,1,1,1,4,1,3,1,-0.6186388360760947,16,False,True,False,False,False,True,False,False,True,False,False,True,False,1.6750635064653048,1.771122653278549,-0.4440155028509486,0,0,1
1,0,0.24689913207624084,0,0,1,3,1,1,0.05453625709921346,-0.35018748795170074,0,1,0,1,0,1,1,0,4,5,4,1,1.9035393349876577,9,False,False,False,False,False,True,False,False,False,False,True,True,False,-1.2273681638539664,-0.6313310815393645,0.6517001735392955,1,1,10
1,1,1.0771313783985432,1,0,1,4,4,1,0.05453625709921346,-0.35018748795170074,0,0,0,1,0,1,1,0,3,2,4,2,0.22208722094515607,19,False,False,False,True,False,False,False,True,True,False,False,False,False,2.255549840529159,0.5698957858695921,0.18210774080061962,0,1,4
1,1,0.24689913207624084,1,0,1,2,3,2,0.05453625709921346,-0.35018748795170074,0,0,0,1,1,1,1,0,4,4,3,3,0.22208722094515607,16,False,True,False,False,False,False,True,False,True,False,False,False,False,1.0945771724014506,-0.391085708057573,-0.7570771246767328,0,1,4
1,0,1.0771313783985432,0,0,1,2,2,2,1.2465430194105918,-0.35018748795170074,0,0,0,0,1,1,0,0,5,3,3,4,-0.8988808550831783,15,False,False,False,False,False,True,False,False,False,True,False,True,False,1.4815680617773535,0.8702025027218314,-0.13095388102516461,0,3,0
1,0,0.24689913207624084,1,0,1,4,3,2,0.05453625709921346,-0.35018748795170074,0,0,0,0,1,1,1,0,5,5,4,1,-0.8988808550831783,11,False,False,False,True,False,True,False,False,False,True,False,True,False,-1.6143590532298693,-0.6313310815393645,-0.7570771246767328,0,3,0
1,0,1.0771313783985432,0,0,1,4,4,3,-1.137470505212165,-0.35018748795170074,0,1,0,1,1,1,1,1,4,4,3,5,0.22208722094515607,10,False,False,False,True,False,False,False,False,False,False,True,True,False,-1.420863608541918,-1.111821828502947,0.3386385517135116,1,2,4
1,0,1.9073636247208456,0,0,1,2,3,1,1.2465430194105918,1.3781572106486288,0,0,0,1,0,1,1,0,5,4,2,5,0.22208722094515607,10,False,False,True,False,False,True,False,False,False,False,False,True,False,-0.4533863851021608,0.32965041238780085,-0.4440155028509486,0,1,8
1,0,1.0771313783985432,1,1,1,3,1,1,0.05453625709921346,-0.35018748795170074,0,1,0,0,1,1,1,0,4,3,4,1,0.22208722094515607,16,False,False,False,True,False,False,True,False,False,False,False,True,False,1.288072617089402,-0.03071764783488606,-0.7570771246767328,1,0,4
1,0,1.0771313783985432,1,0,1,1,1,2,0.05453625709921346,-0.35018748795170074,0,0,0,1,1,1,0,0,1,1,1,5,0.7825712589593232,9,False,True,False,False,False,True,False,False,False,False,False,True,False,-0.06639549572625794,1.771122653278549,-0.7570771246767328,0,1,6
1,1,0.24689913207624084,1,1,1,3,1,2,-1.137470505212165,-0.35018748795170074,0,0,0,0,0,1,1,0,2,4,5,2,0.7825712589593232,10,False,False,True,False,False,False,True,False,False,False,False,True,False,-0.6468818297901122,-1.111821828502947,1.74741584992954,0,0,6
1,1,1.0771313783985432,0,1,1,3,2,3,-1.137470505212165,-0.35018748795170074,0,0,0,0,0,1,1,0,4,4,1,5,0.22208722094515607,11,False,False,True,False,False,True,False,False,False,False,False,True,False,-0.4533863851021608,-1.111821828502947,1.74741584992954,0,1,4
